mode: set
github.com/user/library-api/internal/openlibrary/client.go:22.39,27.2 1 0
github.com/user/library-api/internal/openlibrary/client.go:29.63,38.16 7 0
github.com/user/library-api/internal/openlibrary/client.go:38.16,40.3 1 0
github.com/user/library-api/internal/openlibrary/client.go:41.2,43.38 2 0
github.com/user/library-api/internal/openlibrary/client.go:43.38,46.3 2 0
github.com/user/library-api/internal/openlibrary/client.go:48.2,49.64 2 0
github.com/user/library-api/internal/openlibrary/client.go:49.64,51.3 1 0
github.com/user/library-api/internal/openlibrary/client.go:53.2,55.9 3 0
github.com/user/library-api/internal/openlibrary/client.go:55.9,57.3 1 0
github.com/user/library-api/internal/openlibrary/client.go:59.2,59.18 1 0
github.com/user/library-api/internal/openlibrary/client.go:62.82,70.16 6 0
github.com/user/library-api/internal/openlibrary/client.go:70.16,72.3 1 0
github.com/user/library-api/internal/openlibrary/client.go:73.2,75.38 2 0
github.com/user/library-api/internal/openlibrary/client.go:75.38,78.3 2 0
github.com/user/library-api/internal/openlibrary/client.go:80.2,81.67 2 0
github.com/user/library-api/internal/openlibrary/client.go:81.67,83.3 1 0
github.com/user/library-api/internal/openlibrary/client.go:85.2,85.21 1 0
github.com/user/library-api/internal/openlibrary/client.go:88.65,92.16 3 0
github.com/user/library-api/internal/openlibrary/client.go:92.16,94.3 1 0
github.com/user/library-api/internal/openlibrary/client.go:95.2,97.38 2 0
github.com/user/library-api/internal/openlibrary/client.go:97.38,100.3 2 0
github.com/user/library-api/internal/openlibrary/client.go:102.2,103.67 2 0
github.com/user/library-api/internal/openlibrary/client.go:103.67,105.3 1 0
github.com/user/library-api/internal/openlibrary/client.go:107.2,107.21 1 0
github.com/user/library-api/internal/config/config.go:15.21,23.2 2 0
github.com/user/library-api/internal/config/config.go:25.42,26.34 1 0
github.com/user/library-api/internal/config/config.go:26.34,28.3 1 0
github.com/user/library-api/internal/config/config.go:29.2,29.17 1 0
github.com/user/library-api/cmd/server/main.go:17.13,22.16 4 0
github.com/user/library-api/cmd/server/main.go:22.16,24.3 1 0
github.com/user/library-api/cmd/server/main.go:25.2,44.63 9 0
github.com/user/library-api/cmd/server/main.go:44.63,46.3 1 0
github.com/user/library-api/internal/db/authors.sql.go:25.93,36.2 4 0
github.com/user/library-api/internal/db/authors.sql.go:43.69,46.2 2 0
github.com/user/library-api/internal/db/authors.sql.go:54.76,65.2 4 0
github.com/user/library-api/internal/db/authors.sql.go:73.70,75.16 2 0
github.com/user/library-api/internal/db/authors.sql.go:75.16,77.3 1 0
github.com/user/library-api/internal/db/authors.sql.go:78.2,80.18 3 0
github.com/user/library-api/internal/db/authors.sql.go:80.18,88.17 2 0
github.com/user/library-api/internal/db/authors.sql.go:88.17,90.4 1 0
github.com/user/library-api/internal/db/authors.sql.go:91.3,91.27 1 0
github.com/user/library-api/internal/db/authors.sql.go:93.2,93.35 1 0
github.com/user/library-api/internal/db/authors.sql.go:93.35,95.3 1 0
github.com/user/library-api/internal/db/authors.sql.go:96.2,96.19 1 0
github.com/user/library-api/internal/db/authors.sql.go:114.93,125.2 4 0
github.com/user/library-api/internal/db/books.sql.go:32.87,60.2 4 0
github.com/user/library-api/internal/db/books.sql.go:67.67,70.2 2 0
github.com/user/library-api/internal/db/books.sql.go:78.72,96.2 4 0
github.com/user/library-api/internal/db/books.sql.go:104.86,122.2 4 0
github.com/user/library-api/internal/db/books.sql.go:137.87,139.16 2 0
github.com/user/library-api/internal/db/books.sql.go:139.16,141.3 1 0
github.com/user/library-api/internal/db/books.sql.go:142.2,144.18 3 0
github.com/user/library-api/internal/db/books.sql.go:144.18,159.17 2 0
github.com/user/library-api/internal/db/books.sql.go:159.17,161.4 1 0
github.com/user/library-api/internal/db/books.sql.go:162.3,162.27 1 0
github.com/user/library-api/internal/db/books.sql.go:164.2,164.35 1 0
github.com/user/library-api/internal/db/books.sql.go:164.35,166.3 1 0
github.com/user/library-api/internal/db/books.sql.go:167.2,167.19 1 0
github.com/user/library-api/internal/db/books.sql.go:178.76,196.2 4 0
github.com/user/library-api/internal/db/books.sql.go:221.87,247.2 4 0
github.com/user/library-api/internal/db/db.go:20.28,22.2 1 0
github.com/user/library-api/internal/db/db.go:28.46,32.2 1 0
github.com/user/library-api/internal/db/series.sql.go:26.103,31.2 4 0
github.com/user/library-api/internal/db/series.sql.go:44.93,55.2 4 0
github.com/user/library-api/internal/db/series.sql.go:62.69,65.2 2 0
github.com/user/library-api/internal/db/series.sql.go:76.88,78.16 2 0
github.com/user/library-api/internal/db/series.sql.go:78.16,80.3 1 0
github.com/user/library-api/internal/db/series.sql.go:81.2,83.18 3 0
github.com/user/library-api/internal/db/series.sql.go:83.18,98.17 2 0
github.com/user/library-api/internal/db/series.sql.go:98.17,100.4 1 0
github.com/user/library-api/internal/db/series.sql.go:101.3,101.27 1 0
github.com/user/library-api/internal/db/series.sql.go:103.2,103.35 1 0
github.com/user/library-api/internal/db/series.sql.go:103.35,105.3 1 0
github.com/user/library-api/internal/db/series.sql.go:106.2,106.19 1 0
github.com/user/library-api/internal/db/series.sql.go:115.76,126.2 4 0
github.com/user/library-api/internal/db/series.sql.go:157.100,159.16 2 0
github.com/user/library-api/internal/db/series.sql.go:159.16,161.3 1 0
github.com/user/library-api/internal/db/series.sql.go:162.2,164.18 3 0
github.com/user/library-api/internal/db/series.sql.go:164.18,182.17 2 0
github.com/user/library-api/internal/db/series.sql.go:182.17,184.4 1 0
github.com/user/library-api/internal/db/series.sql.go:185.3,185.27 1 0
github.com/user/library-api/internal/db/series.sql.go:187.2,187.35 1 0
github.com/user/library-api/internal/db/series.sql.go:187.35,189.3 1 0
github.com/user/library-api/internal/db/series.sql.go:190.2,190.19 1 0
github.com/user/library-api/internal/db/series.sql.go:199.69,201.16 2 0
github.com/user/library-api/internal/db/series.sql.go:201.16,203.3 1 0
github.com/user/library-api/internal/db/series.sql.go:204.2,206.18 3 0
github.com/user/library-api/internal/db/series.sql.go:206.18,214.17 2 0
github.com/user/library-api/internal/db/series.sql.go:214.17,216.4 1 0
github.com/user/library-api/internal/db/series.sql.go:217.3,217.27 1 0
github.com/user/library-api/internal/db/series.sql.go:219.2,219.35 1 0
github.com/user/library-api/internal/db/series.sql.go:219.35,221.3 1 0
github.com/user/library-api/internal/db/series.sql.go:222.2,222.19 1 0
github.com/user/library-api/internal/db/series.sql.go:235.99,238.2 2 0
github.com/user/library-api/internal/db/series.sql.go:255.93,266.2 4 0
github.com/user/library-api/internal/db/store.go:14.72,16.16 2 0
github.com/user/library-api/internal/db/store.go:16.16,18.3 1 0
github.com/user/library-api/internal/db/store.go:20.2,20.39 1 0
github.com/user/library-api/internal/db/store.go:20.39,22.3 1 0
github.com/user/library-api/internal/db/store.go:24.2,27.8 1 0
github.com/user/library-api/internal/db/store.go:30.25,32.2 1 0
github.com/user/library-api/internal/db/tags.sql.go:22.83,25.2 2 0
github.com/user/library-api/internal/db/tags.sql.go:33.76,38.2 4 0
github.com/user/library-api/internal/db/tags.sql.go:48.81,50.16 2 0
github.com/user/library-api/internal/db/tags.sql.go:50.16,52.3 1 0
github.com/user/library-api/internal/db/tags.sql.go:53.2,55.18 3 0
github.com/user/library-api/internal/db/tags.sql.go:55.18,57.51 2 0
github.com/user/library-api/internal/db/tags.sql.go:57.51,59.4 1 0
github.com/user/library-api/internal/db/tags.sql.go:60.3,60.27 1 0
github.com/user/library-api/internal/db/tags.sql.go:62.2,62.35 1 0
github.com/user/library-api/internal/db/tags.sql.go:62.35,64.3 1 0
github.com/user/library-api/internal/db/tags.sql.go:65.2,65.19 1 0
github.com/user/library-api/internal/db/tags.sql.go:74.70,79.2 4 0
github.com/user/library-api/internal/db/tags.sql.go:87.64,89.16 2 0
github.com/user/library-api/internal/db/tags.sql.go:89.16,91.3 1 0
github.com/user/library-api/internal/db/tags.sql.go:92.2,94.18 3 0
github.com/user/library-api/internal/db/tags.sql.go:94.18,96.51 2 0
github.com/user/library-api/internal/db/tags.sql.go:96.51,98.4 1 0
github.com/user/library-api/internal/db/tags.sql.go:99.3,99.27 1 0
github.com/user/library-api/internal/db/tags.sql.go:101.2,101.35 1 0
github.com/user/library-api/internal/db/tags.sql.go:101.35,103.3 1 0
github.com/user/library-api/internal/db/tags.sql.go:104.2,104.19 1 0
github.com/user/library-api/internal/db/tags.sql.go:117.93,120.2 2 0
github.com/user/library-api/internal/graphql/generated.go:24.63,26.2 1 0
github.com/user/library-api/internal/graphql/generated.go:166.49,167.25 1 0
github.com/user/library-api/internal/graphql/generated.go:167.25,169.3 1 0
github.com/user/library-api/internal/graphql/generated.go:170.2,170.21 1 0
github.com/user/library-api/internal/graphql/generated.go:173.141,176.32 3 0
github.com/user/library-api/internal/graphql/generated.go:178.20,179.41 1 0
github.com/user/library-api/internal/graphql/generated.go:179.41,180.9 1 0
github.com/user/library-api/internal/graphql/generated.go:183.3,183.60 1 0
github.com/user/library-api/internal/graphql/generated.go:184.22,185.43 1 0
github.com/user/library-api/internal/graphql/generated.go:185.43,186.9 1 0
github.com/user/library-api/internal/graphql/generated.go:189.3,189.62 1 0
github.com/user/library-api/internal/graphql/generated.go:190.19,191.40 1 0
github.com/user/library-api/internal/graphql/generated.go:191.40,192.9 1 0
github.com/user/library-api/internal/graphql/generated.go:195.3,195.59 1 0
github.com/user/library-api/internal/graphql/generated.go:196.21,197.42 1 0
github.com/user/library-api/internal/graphql/generated.go:197.42,198.9 1 0
github.com/user/library-api/internal/graphql/generated.go:201.3,201.61 1 0
github.com/user/library-api/internal/graphql/generated.go:202.23,203.44 1 0
github.com/user/library-api/internal/graphql/generated.go:203.44,204.9 1 0
github.com/user/library-api/internal/graphql/generated.go:207.3,207.63 1 0
github.com/user/library-api/internal/graphql/generated.go:209.21,210.42 1 0
github.com/user/library-api/internal/graphql/generated.go:210.42,211.9 1 0
github.com/user/library-api/internal/graphql/generated.go:214.3,214.61 1 0
github.com/user/library-api/internal/graphql/generated.go:215.23,216.44 1 0
github.com/user/library-api/internal/graphql/generated.go:216.44,217.9 1 0
github.com/user/library-api/internal/graphql/generated.go:220.3,220.63 1 0
github.com/user/library-api/internal/graphql/generated.go:221.26,222.47 1 0
github.com/user/library-api/internal/graphql/generated.go:222.47,223.9 1 0
github.com/user/library-api/internal/graphql/generated.go:226.3,226.66 1 0
github.com/user/library-api/internal/graphql/generated.go:227.17,228.38 1 0
github.com/user/library-api/internal/graphql/generated.go:228.38,229.9 1 0
github.com/user/library-api/internal/graphql/generated.go:232.3,232.57 1 0
github.com/user/library-api/internal/graphql/generated.go:233.19,234.40 1 0
github.com/user/library-api/internal/graphql/generated.go:234.40,235.9 1 0
github.com/user/library-api/internal/graphql/generated.go:238.3,238.59 1 0
github.com/user/library-api/internal/graphql/generated.go:239.21,240.42 1 0
github.com/user/library-api/internal/graphql/generated.go:240.42,241.9 1 0
github.com/user/library-api/internal/graphql/generated.go:244.3,244.61 1 0
github.com/user/library-api/internal/graphql/generated.go:245.20,246.41 1 0
github.com/user/library-api/internal/graphql/generated.go:246.41,247.9 1 0
github.com/user/library-api/internal/graphql/generated.go:250.3,250.60 1 0
github.com/user/library-api/internal/graphql/generated.go:251.24,252.45 1 0
github.com/user/library-api/internal/graphql/generated.go:252.45,253.9 1 0
github.com/user/library-api/internal/graphql/generated.go:256.3,256.64 1 0
github.com/user/library-api/internal/graphql/generated.go:257.28,258.49 1 0
github.com/user/library-api/internal/graphql/generated.go:258.49,259.9 1 0
github.com/user/library-api/internal/graphql/generated.go:262.3,262.68 1 0
github.com/user/library-api/internal/graphql/generated.go:263.21,264.42 1 0
github.com/user/library-api/internal/graphql/generated.go:264.42,265.9 1 0
github.com/user/library-api/internal/graphql/generated.go:268.3,268.61 1 0
github.com/user/library-api/internal/graphql/generated.go:269.19,270.40 1 0
github.com/user/library-api/internal/graphql/generated.go:270.40,271.9 1 0
github.com/user/library-api/internal/graphql/generated.go:274.3,274.59 1 0
github.com/user/library-api/internal/graphql/generated.go:275.20,276.41 1 0
github.com/user/library-api/internal/graphql/generated.go:276.41,277.9 1 0
github.com/user/library-api/internal/graphql/generated.go:280.3,280.60 1 0
github.com/user/library-api/internal/graphql/generated.go:282.33,283.54 1 0
github.com/user/library-api/internal/graphql/generated.go:283.54,284.9 1 0
github.com/user/library-api/internal/graphql/generated.go:287.3,287.73 1 0
github.com/user/library-api/internal/graphql/generated.go:288.30,289.51 1 0
github.com/user/library-api/internal/graphql/generated.go:289.51,290.9 1 0
github.com/user/library-api/internal/graphql/generated.go:293.3,293.70 1 0
github.com/user/library-api/internal/graphql/generated.go:294.39,295.60 1 0
github.com/user/library-api/internal/graphql/generated.go:295.60,296.9 1 0
github.com/user/library-api/internal/graphql/generated.go:299.3,299.79 1 0
github.com/user/library-api/internal/graphql/generated.go:300.27,301.48 1 0
github.com/user/library-api/internal/graphql/generated.go:301.48,302.9 1 0
github.com/user/library-api/internal/graphql/generated.go:305.3,305.67 1 0
github.com/user/library-api/internal/graphql/generated.go:306.26,307.47 1 0
github.com/user/library-api/internal/graphql/generated.go:307.47,308.9 1 0
github.com/user/library-api/internal/graphql/generated.go:311.3,311.66 1 0
github.com/user/library-api/internal/graphql/generated.go:312.28,313.49 1 0
github.com/user/library-api/internal/graphql/generated.go:313.49,314.9 1 0
github.com/user/library-api/internal/graphql/generated.go:317.3,317.68 1 0
github.com/user/library-api/internal/graphql/generated.go:319.34,320.55 1 0
github.com/user/library-api/internal/graphql/generated.go:320.55,321.9 1 0
github.com/user/library-api/internal/graphql/generated.go:324.3,325.17 2 0
github.com/user/library-api/internal/graphql/generated.go:325.17,327.4 1 0
github.com/user/library-api/internal/graphql/generated.go:329.3,329.144 1 0
github.com/user/library-api/internal/graphql/generated.go:330.31,331.52 1 0
github.com/user/library-api/internal/graphql/generated.go:331.52,332.9 1 0
github.com/user/library-api/internal/graphql/generated.go:335.3,336.17 2 0
github.com/user/library-api/internal/graphql/generated.go:336.17,338.4 1 0
github.com/user/library-api/internal/graphql/generated.go:340.3,340.114 1 0
github.com/user/library-api/internal/graphql/generated.go:341.31,342.52 1 0
github.com/user/library-api/internal/graphql/generated.go:342.52,343.9 1 0
github.com/user/library-api/internal/graphql/generated.go:346.3,347.17 2 0
github.com/user/library-api/internal/graphql/generated.go:347.17,349.4 1 0
github.com/user/library-api/internal/graphql/generated.go:351.3,351.106 1 0
github.com/user/library-api/internal/graphql/generated.go:352.29,353.50 1 0
github.com/user/library-api/internal/graphql/generated.go:353.50,354.9 1 0
github.com/user/library-api/internal/graphql/generated.go:357.3,358.17 2 0
github.com/user/library-api/internal/graphql/generated.go:358.17,360.4 1 0
github.com/user/library-api/internal/graphql/generated.go:362.3,362.102 1 0
github.com/user/library-api/internal/graphql/generated.go:363.31,364.52 1 0
github.com/user/library-api/internal/graphql/generated.go:364.52,365.9 1 0
github.com/user/library-api/internal/graphql/generated.go:368.3,369.17 2 0
github.com/user/library-api/internal/graphql/generated.go:369.17,371.4 1 0
github.com/user/library-api/internal/graphql/generated.go:373.3,373.106 1 0
github.com/user/library-api/internal/graphql/generated.go:374.28,375.49 1 0
github.com/user/library-api/internal/graphql/generated.go:375.49,376.9 1 0
github.com/user/library-api/internal/graphql/generated.go:379.3,380.17 2 0
github.com/user/library-api/internal/graphql/generated.go:380.17,382.4 1 0
github.com/user/library-api/internal/graphql/generated.go:384.3,384.91 1 0
github.com/user/library-api/internal/graphql/generated.go:385.31,386.52 1 0
github.com/user/library-api/internal/graphql/generated.go:386.52,387.9 1 0
github.com/user/library-api/internal/graphql/generated.go:390.3,391.17 2 0
github.com/user/library-api/internal/graphql/generated.go:391.17,393.4 1 0
github.com/user/library-api/internal/graphql/generated.go:395.3,395.89 1 0
github.com/user/library-api/internal/graphql/generated.go:396.29,397.50 1 0
github.com/user/library-api/internal/graphql/generated.go:397.50,398.9 1 0
github.com/user/library-api/internal/graphql/generated.go:401.3,402.17 2 0
github.com/user/library-api/internal/graphql/generated.go:402.17,404.4 1 0
github.com/user/library-api/internal/graphql/generated.go:406.3,406.87 1 0
github.com/user/library-api/internal/graphql/generated.go:407.31,408.52 1 0
github.com/user/library-api/internal/graphql/generated.go:408.52,409.9 1 0
github.com/user/library-api/internal/graphql/generated.go:412.3,413.17 2 0
github.com/user/library-api/internal/graphql/generated.go:413.17,415.4 1 0
github.com/user/library-api/internal/graphql/generated.go:417.3,417.89 1 0
github.com/user/library-api/internal/graphql/generated.go:418.39,419.60 1 0
github.com/user/library-api/internal/graphql/generated.go:419.60,420.9 1 0
github.com/user/library-api/internal/graphql/generated.go:423.3,424.17 2 0
github.com/user/library-api/internal/graphql/generated.go:424.17,426.4 1 0
github.com/user/library-api/internal/graphql/generated.go:428.3,428.125 1 0
github.com/user/library-api/internal/graphql/generated.go:429.36,430.57 1 0
github.com/user/library-api/internal/graphql/generated.go:430.57,431.9 1 0
github.com/user/library-api/internal/graphql/generated.go:434.3,435.17 2 0
github.com/user/library-api/internal/graphql/generated.go:435.17,437.4 1 0
github.com/user/library-api/internal/graphql/generated.go:439.3,439.119 1 0
github.com/user/library-api/internal/graphql/generated.go:440.33,441.54 1 0
github.com/user/library-api/internal/graphql/generated.go:441.54,442.9 1 0
github.com/user/library-api/internal/graphql/generated.go:445.3,446.17 2 0
github.com/user/library-api/internal/graphql/generated.go:446.17,448.4 1 0
github.com/user/library-api/internal/graphql/generated.go:450.3,450.96 1 0
github.com/user/library-api/internal/graphql/generated.go:451.30,452.51 1 0
github.com/user/library-api/internal/graphql/generated.go:452.51,453.9 1 0
github.com/user/library-api/internal/graphql/generated.go:456.3,457.17 2 0
github.com/user/library-api/internal/graphql/generated.go:457.17,459.4 1 0
github.com/user/library-api/internal/graphql/generated.go:461.3,461.88 1 0
github.com/user/library-api/internal/graphql/generated.go:462.31,463.52 1 0
github.com/user/library-api/internal/graphql/generated.go:463.52,464.9 1 0
github.com/user/library-api/internal/graphql/generated.go:467.3,468.17 2 0
github.com/user/library-api/internal/graphql/generated.go:468.17,470.4 1 0
github.com/user/library-api/internal/graphql/generated.go:472.3,472.124 1 0
github.com/user/library-api/internal/graphql/generated.go:473.29,474.50 1 0
github.com/user/library-api/internal/graphql/generated.go:474.50,475.9 1 0
github.com/user/library-api/internal/graphql/generated.go:478.3,479.17 2 0
github.com/user/library-api/internal/graphql/generated.go:479.17,481.4 1 0
github.com/user/library-api/internal/graphql/generated.go:483.3,483.120 1 0
github.com/user/library-api/internal/graphql/generated.go:484.31,485.52 1 0
github.com/user/library-api/internal/graphql/generated.go:485.52,486.9 1 0
github.com/user/library-api/internal/graphql/generated.go:489.3,490.17 2 0
github.com/user/library-api/internal/graphql/generated.go:490.17,492.4 1 0
github.com/user/library-api/internal/graphql/generated.go:494.3,494.124 1 0
github.com/user/library-api/internal/graphql/generated.go:496.22,497.43 1 0
github.com/user/library-api/internal/graphql/generated.go:497.43,498.9 1 0
github.com/user/library-api/internal/graphql/generated.go:501.3,502.17 2 0
github.com/user/library-api/internal/graphql/generated.go:502.17,504.4 1 0
github.com/user/library-api/internal/graphql/generated.go:506.3,506.80 1 0
github.com/user/library-api/internal/graphql/generated.go:507.23,508.44 1 0
github.com/user/library-api/internal/graphql/generated.go:508.44,509.9 1 0
github.com/user/library-api/internal/graphql/generated.go:512.3,512.63 1 0
github.com/user/library-api/internal/graphql/generated.go:513.20,514.41 1 0
github.com/user/library-api/internal/graphql/generated.go:514.41,515.9 1 0
github.com/user/library-api/internal/graphql/generated.go:518.3,519.17 2 0
github.com/user/library-api/internal/graphql/generated.go:519.17,521.4 1 0
github.com/user/library-api/internal/graphql/generated.go:523.3,523.78 1 0
github.com/user/library-api/internal/graphql/generated.go:524.21,525.42 1 0
github.com/user/library-api/internal/graphql/generated.go:525.42,526.9 1 0
github.com/user/library-api/internal/graphql/generated.go:529.3,530.17 2 0
github.com/user/library-api/internal/graphql/generated.go:530.17,532.4 1 0
github.com/user/library-api/internal/graphql/generated.go:534.3,534.131 1 0
github.com/user/library-api/internal/graphql/generated.go:536.28,537.49 1 0
github.com/user/library-api/internal/graphql/generated.go:537.49,538.9 1 0
github.com/user/library-api/internal/graphql/generated.go:541.3,542.17 2 0
github.com/user/library-api/internal/graphql/generated.go:542.17,544.4 1 0
github.com/user/library-api/internal/graphql/generated.go:546.3,546.91 1 0
github.com/user/library-api/internal/graphql/generated.go:547.33,548.54 1 0
github.com/user/library-api/internal/graphql/generated.go:548.54,549.9 1 0
github.com/user/library-api/internal/graphql/generated.go:552.3,553.17 2 0
github.com/user/library-api/internal/graphql/generated.go:553.17,555.4 1 0
github.com/user/library-api/internal/graphql/generated.go:557.3,557.119 1 0
github.com/user/library-api/internal/graphql/generated.go:558.22,559.43 1 0
github.com/user/library-api/internal/graphql/generated.go:559.43,560.9 1 0
github.com/user/library-api/internal/graphql/generated.go:563.3,563.62 1 0
github.com/user/library-api/internal/graphql/generated.go:564.26,565.47 1 0
github.com/user/library-api/internal/graphql/generated.go:565.47,566.9 1 0
github.com/user/library-api/internal/graphql/generated.go:569.3,570.17 2 0
github.com/user/library-api/internal/graphql/generated.go:570.17,572.4 1 0
github.com/user/library-api/internal/graphql/generated.go:574.3,574.84 1 0
github.com/user/library-api/internal/graphql/generated.go:575.34,576.55 1 0
github.com/user/library-api/internal/graphql/generated.go:576.55,577.9 1 0
github.com/user/library-api/internal/graphql/generated.go:580.3,581.17 2 0
github.com/user/library-api/internal/graphql/generated.go:581.17,583.4 1 0
github.com/user/library-api/internal/graphql/generated.go:585.3,585.98 1 0
github.com/user/library-api/internal/graphql/generated.go:586.28,587.49 1 0
github.com/user/library-api/internal/graphql/generated.go:587.49,588.9 1 0
github.com/user/library-api/internal/graphql/generated.go:591.3,592.17 2 0
github.com/user/library-api/internal/graphql/generated.go:592.17,594.4 1 0
github.com/user/library-api/internal/graphql/generated.go:596.3,596.112 1 0
github.com/user/library-api/internal/graphql/generated.go:597.29,598.50 1 0
github.com/user/library-api/internal/graphql/generated.go:598.50,599.9 1 0
github.com/user/library-api/internal/graphql/generated.go:602.3,603.17 2 0
github.com/user/library-api/internal/graphql/generated.go:603.17,605.4 1 0
github.com/user/library-api/internal/graphql/generated.go:607.3,607.115 1 0
github.com/user/library-api/internal/graphql/generated.go:608.20,609.41 1 0
github.com/user/library-api/internal/graphql/generated.go:609.41,610.9 1 0
github.com/user/library-api/internal/graphql/generated.go:613.3,613.60 1 0
github.com/user/library-api/internal/graphql/generated.go:615.34,616.55 1 0
github.com/user/library-api/internal/graphql/generated.go:616.55,617.9 1 0
github.com/user/library-api/internal/graphql/generated.go:620.3,620.74 1 0
github.com/user/library-api/internal/graphql/generated.go:621.25,622.46 1 0
github.com/user/library-api/internal/graphql/generated.go:622.46,623.9 1 0
github.com/user/library-api/internal/graphql/generated.go:626.3,626.65 1 0
github.com/user/library-api/internal/graphql/generated.go:627.29,628.50 1 0
github.com/user/library-api/internal/graphql/generated.go:628.50,629.9 1 0
github.com/user/library-api/internal/graphql/generated.go:632.3,632.69 1 0
github.com/user/library-api/internal/graphql/generated.go:634.22,635.43 1 0
github.com/user/library-api/internal/graphql/generated.go:635.43,636.9 1 0
github.com/user/library-api/internal/graphql/generated.go:639.3,639.62 1 0
github.com/user/library-api/internal/graphql/generated.go:640.28,641.49 1 0
github.com/user/library-api/internal/graphql/generated.go:641.49,642.9 1 0
github.com/user/library-api/internal/graphql/generated.go:645.3,645.68 1 0
github.com/user/library-api/internal/graphql/generated.go:646.19,647.40 1 0
github.com/user/library-api/internal/graphql/generated.go:647.40,648.9 1 0
github.com/user/library-api/internal/graphql/generated.go:651.3,651.59 1 0
github.com/user/library-api/internal/graphql/generated.go:652.29,653.50 1 0
github.com/user/library-api/internal/graphql/generated.go:653.50,654.9 1 0
github.com/user/library-api/internal/graphql/generated.go:657.3,657.69 1 0
github.com/user/library-api/internal/graphql/generated.go:658.21,659.42 1 0
github.com/user/library-api/internal/graphql/generated.go:659.42,660.9 1 0
github.com/user/library-api/internal/graphql/generated.go:663.3,663.61 1 0
github.com/user/library-api/internal/graphql/generated.go:665.25,666.46 1 0
github.com/user/library-api/internal/graphql/generated.go:666.46,667.9 1 0
github.com/user/library-api/internal/graphql/generated.go:670.3,670.65 1 0
github.com/user/library-api/internal/graphql/generated.go:671.29,672.50 1 0
github.com/user/library-api/internal/graphql/generated.go:672.50,673.9 1 0
github.com/user/library-api/internal/graphql/generated.go:676.3,676.69 1 0
github.com/user/library-api/internal/graphql/generated.go:677.27,678.48 1 0
github.com/user/library-api/internal/graphql/generated.go:678.48,679.9 1 0
github.com/user/library-api/internal/graphql/generated.go:682.3,682.67 1 0
github.com/user/library-api/internal/graphql/generated.go:684.16,685.37 1 0
github.com/user/library-api/internal/graphql/generated.go:685.37,686.9 1 0
github.com/user/library-api/internal/graphql/generated.go:689.3,689.56 1 0
github.com/user/library-api/internal/graphql/generated.go:690.18,691.39 1 0
github.com/user/library-api/internal/graphql/generated.go:691.39,692.9 1 0
github.com/user/library-api/internal/graphql/generated.go:695.3,695.58 1 0
github.com/user/library-api/internal/graphql/generated.go:698.2,698.17 1 0
github.com/user/library-api/internal/graphql/generated.go:701.78,714.35 5 0
github.com/user/library-api/internal/graphql/generated.go:715.17,716.54 1 0
github.com/user/library-api/internal/graphql/generated.go:716.54,719.13 3 0
github.com/user/library-api/internal/graphql/generated.go:719.13,723.5 3 0
github.com/user/library-api/internal/graphql/generated.go:723.10,724.50 1 0
github.com/user/library-api/internal/graphql/generated.go:724.50,731.6 6 0
github.com/user/library-api/internal/graphql/generated.go:731.11,733.6 1 0
github.com/user/library-api/internal/graphql/generated.go:735.4,738.42 4 0
github.com/user/library-api/internal/graphql/generated.go:738.42,741.5 2 0
github.com/user/library-api/internal/graphql/generated.go:743.4,743.20 1 0
github.com/user/library-api/internal/graphql/generated.go:745.20,746.54 1 0
github.com/user/library-api/internal/graphql/generated.go:746.54,747.14 1 0
github.com/user/library-api/internal/graphql/generated.go:747.14,749.5 1 0
github.com/user/library-api/internal/graphql/generated.go:750.4,758.5 6 0
github.com/user/library-api/internal/graphql/generated.go:761.10,762.86 1 0
github.com/user/library-api/internal/graphql/generated.go:774.21,783.2 1 0
github.com/user/library-api/internal/graphql/generated.go:926.130,927.20 1 0
github.com/user/library-api/internal/graphql/generated.go:928.12,929.47 1 0
github.com/user/library-api/internal/graphql/generated.go:930.14,931.49 1 0
github.com/user/library-api/internal/graphql/generated.go:932.13,933.48 1 0
github.com/user/library-api/internal/graphql/generated.go:934.15,935.50 1 0
github.com/user/library-api/internal/graphql/generated.go:936.16,937.51 1 0
github.com/user/library-api/internal/graphql/generated.go:939.2,939.85 1 0
github.com/user/library-api/internal/graphql/generated.go:942.128,943.20 1 0
github.com/user/library-api/internal/graphql/generated.go:944.12,945.45 1 0
github.com/user/library-api/internal/graphql/generated.go:946.15,947.48 1 0
github.com/user/library-api/internal/graphql/generated.go:948.14,949.47 1 0
github.com/user/library-api/internal/graphql/generated.go:950.16,951.49 1 0
github.com/user/library-api/internal/graphql/generated.go:952.23,953.56 1 0
github.com/user/library-api/internal/graphql/generated.go:954.19,955.52 1 0
github.com/user/library-api/internal/graphql/generated.go:956.21,957.54 1 0
github.com/user/library-api/internal/graphql/generated.go:958.18,959.51 1 0
github.com/user/library-api/internal/graphql/generated.go:960.15,961.48 1 0
github.com/user/library-api/internal/graphql/generated.go:962.16,963.49 1 0
github.com/user/library-api/internal/graphql/generated.go:964.16,965.49 1 0
github.com/user/library-api/internal/graphql/generated.go:966.14,967.47 1 0
github.com/user/library-api/internal/graphql/generated.go:969.2,969.83 1 0
github.com/user/library-api/internal/graphql/generated.go:972.136,973.20 1 0
github.com/user/library-api/internal/graphql/generated.go:974.15,975.56 1 0
github.com/user/library-api/internal/graphql/generated.go:976.20,977.61 1 0
github.com/user/library-api/internal/graphql/generated.go:978.14,979.55 1 0
github.com/user/library-api/internal/graphql/generated.go:980.26,981.67 1 0
github.com/user/library-api/internal/graphql/generated.go:982.17,983.58 1 0
github.com/user/library-api/internal/graphql/generated.go:984.13,985.54 1 0
github.com/user/library-api/internal/graphql/generated.go:987.2,987.91 1 0
github.com/user/library-api/internal/graphql/generated.go:990.134,991.20 1 0
github.com/user/library-api/internal/graphql/generated.go:992.14,993.53 1 0
github.com/user/library-api/internal/graphql/generated.go:994.18,995.57 1 0
github.com/user/library-api/internal/graphql/generated.go:996.23,997.62 1 0
github.com/user/library-api/internal/graphql/generated.go:999.2,999.89 1 0
github.com/user/library-api/internal/graphql/generated.go:1002.130,1003.20 1 0
github.com/user/library-api/internal/graphql/generated.go:1004.12,1005.47 1 0
github.com/user/library-api/internal/graphql/generated.go:1006.14,1007.49 1 0
github.com/user/library-api/internal/graphql/generated.go:1008.21,1009.56 1 0
github.com/user/library-api/internal/graphql/generated.go:1010.15,1011.50 1 0
github.com/user/library-api/internal/graphql/generated.go:1012.22,1013.57 1 0
github.com/user/library-api/internal/graphql/generated.go:1015.2,1015.85 1 0
github.com/user/library-api/internal/graphql/generated.go:1018.134,1019.20 1 0
github.com/user/library-api/internal/graphql/generated.go:1020.14,1021.53 1 0
github.com/user/library-api/internal/graphql/generated.go:1022.16,1023.55 1 0
github.com/user/library-api/internal/graphql/generated.go:1024.18,1025.57 1 0
github.com/user/library-api/internal/graphql/generated.go:1027.2,1027.89 1 0
github.com/user/library-api/internal/graphql/generated.go:1030.127,1031.20 1 0
github.com/user/library-api/internal/graphql/generated.go:1032.12,1033.44 1 0
github.com/user/library-api/internal/graphql/generated.go:1034.14,1035.46 1 0
github.com/user/library-api/internal/graphql/generated.go:1037.2,1037.82 1 0
github.com/user/library-api/internal/graphql/generated.go:1040.135,1041.20 1 0
github.com/user/library-api/internal/graphql/generated.go:1042.14,1043.54 1 0
github.com/user/library-api/internal/graphql/generated.go:1044.21,1045.61 1 0
github.com/user/library-api/internal/graphql/generated.go:1046.22,1047.62 1 0
github.com/user/library-api/internal/graphql/generated.go:1048.19,1049.59 1 0
github.com/user/library-api/internal/graphql/generated.go:1050.14,1051.54 1 0
github.com/user/library-api/internal/graphql/generated.go:1053.2,1053.90 1 0
github.com/user/library-api/internal/graphql/generated.go:1056.135,1057.20 1 0
github.com/user/library-api/internal/graphql/generated.go:1058.14,1059.54 1 0
github.com/user/library-api/internal/graphql/generated.go:1060.21,1061.61 1 0
github.com/user/library-api/internal/graphql/generated.go:1062.22,1063.62 1 0
github.com/user/library-api/internal/graphql/generated.go:1064.27,1065.67 1 0
github.com/user/library-api/internal/graphql/generated.go:1067.2,1067.90 1 0
github.com/user/library-api/internal/graphql/generated.go:1070.131,1071.20 1 0
github.com/user/library-api/internal/graphql/generated.go:1072.14,1073.50 1 0
github.com/user/library-api/internal/graphql/generated.go:1074.21,1075.57 1 0
github.com/user/library-api/internal/graphql/generated.go:1076.14,1077.50 1 0
github.com/user/library-api/internal/graphql/generated.go:1078.14,1079.50 1 0
github.com/user/library-api/internal/graphql/generated.go:1080.22,1081.58 1 0
github.com/user/library-api/internal/graphql/generated.go:1082.27,1083.63 1 0
github.com/user/library-api/internal/graphql/generated.go:1085.2,1085.86 1 0
github.com/user/library-api/internal/graphql/generated.go:1088.136,1089.20 1 0
github.com/user/library-api/internal/graphql/generated.go:1090.14,1091.55 1 0
github.com/user/library-api/internal/graphql/generated.go:1092.21,1093.62 1 0
github.com/user/library-api/internal/graphql/generated.go:1094.14,1095.55 1 0
github.com/user/library-api/internal/graphql/generated.go:1096.22,1097.63 1 0
github.com/user/library-api/internal/graphql/generated.go:1098.22,1099.63 1 0
github.com/user/library-api/internal/graphql/generated.go:1100.27,1101.68 1 0
github.com/user/library-api/internal/graphql/generated.go:1103.2,1103.91 1 0
github.com/user/library-api/internal/graphql/generated.go:1106.132,1107.20 1 0
github.com/user/library-api/internal/graphql/generated.go:1108.21,1109.58 1 0
github.com/user/library-api/internal/graphql/generated.go:1110.15,1111.52 1 0
github.com/user/library-api/internal/graphql/generated.go:1112.19,1113.56 1 0
github.com/user/library-api/internal/graphql/generated.go:1114.22,1115.59 1 0
github.com/user/library-api/internal/graphql/generated.go:1116.26,1117.63 1 0
github.com/user/library-api/internal/graphql/generated.go:1118.20,1119.57 1 0
github.com/user/library-api/internal/graphql/generated.go:1121.2,1121.87 1 0
github.com/user/library-api/internal/graphql/generated.go:1124.130,1125.20 1 0
github.com/user/library-api/internal/graphql/generated.go:1126.14,1127.49 1 0
github.com/user/library-api/internal/graphql/generated.go:1128.14,1129.49 1 0
github.com/user/library-api/internal/graphql/generated.go:1130.21,1131.56 1 0
github.com/user/library-api/internal/graphql/generated.go:1132.24,1133.59 1 0
github.com/user/library-api/internal/graphql/generated.go:1134.16,1135.51 1 0
github.com/user/library-api/internal/graphql/generated.go:1136.20,1137.55 1 0
github.com/user/library-api/internal/graphql/generated.go:1138.23,1139.58 1 0
github.com/user/library-api/internal/graphql/generated.go:1140.20,1141.55 1 0
github.com/user/library-api/internal/graphql/generated.go:1142.21,1143.56 1 0
github.com/user/library-api/internal/graphql/generated.go:1144.16,1145.51 1 0
github.com/user/library-api/internal/graphql/generated.go:1146.17,1147.52 1 0
github.com/user/library-api/internal/graphql/generated.go:1149.2,1149.85 1 0
github.com/user/library-api/internal/graphql/generated.go:1156.134,1160.49 3 0
github.com/user/library-api/internal/graphql/generated.go:1160.49,1162.4 1 0
github.com/user/library-api/internal/graphql/generated.go:1163.2,1163.16 1 0
github.com/user/library-api/internal/graphql/generated.go:1163.16,1165.3 1 0
github.com/user/library-api/internal/graphql/generated.go:1166.2,1168.49 2 0
github.com/user/library-api/internal/graphql/generated.go:1168.49,1170.4 1 0
github.com/user/library-api/internal/graphql/generated.go:1171.2,1171.16 1 0
github.com/user/library-api/internal/graphql/generated.go:1171.16,1173.3 1 0
github.com/user/library-api/internal/graphql/generated.go:1174.2,1176.49 2 0
github.com/user/library-api/internal/graphql/generated.go:1176.49,1178.4 1 0
github.com/user/library-api/internal/graphql/generated.go:1179.2,1179.16 1 0
github.com/user/library-api/internal/graphql/generated.go:1179.16,1181.3 1 0
github.com/user/library-api/internal/graphql/generated.go:1182.2,1183.18 2 0
github.com/user/library-api/internal/graphql/generated.go:1186.131,1190.49 3 0
github.com/user/library-api/internal/graphql/generated.go:1190.49,1192.4 1 0
github.com/user/library-api/internal/graphql/generated.go:1193.2,1193.16 1 0
github.com/user/library-api/internal/graphql/generated.go:1193.16,1195.3 1 0
github.com/user/library-api/internal/graphql/generated.go:1196.2,1198.49 2 0
github.com/user/library-api/internal/graphql/generated.go:1198.49,1200.4 1 0
github.com/user/library-api/internal/graphql/generated.go:1201.2,1201.16 1 0
github.com/user/library-api/internal/graphql/generated.go:1201.16,1203.3 1 0
github.com/user/library-api/internal/graphql/generated.go:1204.2,1205.18 2 0
github.com/user/library-api/internal/graphql/generated.go:1208.131,1212.63 3 0
github.com/user/library-api/internal/graphql/generated.go:1212.63,1214.4 1 0
github.com/user/library-api/internal/graphql/generated.go:1215.2,1215.16 1 0
github.com/user/library-api/internal/graphql/generated.go:1215.16,1217.3 1 0
github.com/user/library-api/internal/graphql/generated.go:1218.2,1219.18 2 0
github.com/user/library-api/internal/graphql/generated.go:1222.129,1226.61 3 0
github.com/user/library-api/internal/graphql/generated.go:1226.61,1228.4 1 0
github.com/user/library-api/internal/graphql/generated.go:1229.2,1229.16 1 0
github.com/user/library-api/internal/graphql/generated.go:1229.16,1231.3 1 0
github.com/user/library-api/internal/graphql/generated.go:1232.2,1233.18 2 0
github.com/user/library-api/internal/graphql/generated.go:1236.131,1240.63 3 0
github.com/user/library-api/internal/graphql/generated.go:1240.63,1242.4 1 0
github.com/user/library-api/internal/graphql/generated.go:1243.2,1243.16 1 0
github.com/user/library-api/internal/graphql/generated.go:1243.16,1245.3 1 0
github.com/user/library-api/internal/graphql/generated.go:1246.2,1247.18 2 0
github.com/user/library-api/internal/graphql/generated.go:1250.128,1254.52 3 0
github.com/user/library-api/internal/graphql/generated.go:1254.52,1256.4 1 0
github.com/user/library-api/internal/graphql/generated.go:1257.2,1257.16 1 0
github.com/user/library-api/internal/graphql/generated.go:1257.16,1259.3 1 0
github.com/user/library-api/internal/graphql/generated.go:1260.2,1261.18 2 0
github.com/user/library-api/internal/graphql/generated.go:1264.131,1268.49 3 0
github.com/user/library-api/internal/graphql/generated.go:1268.49,1270.4 1 0
github.com/user/library-api/internal/graphql/generated.go:1271.2,1271.16 1 0
github.com/user/library-api/internal/graphql/generated.go:1271.16,1273.3 1 0
github.com/user/library-api/internal/graphql/generated.go:1274.2,1275.18 2 0
github.com/user/library-api/internal/graphql/generated.go:1278.129,1282.49 3 0
github.com/user/library-api/internal/graphql/generated.go:1282.49,1284.4 1 0
github.com/user/library-api/internal/graphql/generated.go:1285.2,1285.16 1 0
github.com/user/library-api/internal/graphql/generated.go:1285.16,1287.3 1 0
github.com/user/library-api/internal/graphql/generated.go:1288.2,1289.18 2 0
github.com/user/library-api/internal/graphql/generated.go:1292.131,1296.49 3 0
github.com/user/library-api/internal/graphql/generated.go:1296.49,1298.4 1 0
github.com/user/library-api/internal/graphql/generated.go:1299.2,1299.16 1 0
github.com/user/library-api/internal/graphql/generated.go:1299.16,1301.3 1 0
github.com/user/library-api/internal/graphql/generated.go:1302.2,1303.18 2 0
github.com/user/library-api/internal/graphql/generated.go:1306.139,1310.49 3 0
github.com/user/library-api/internal/graphql/generated.go:1310.49,1312.4 1 0
github.com/user/library-api/internal/graphql/generated.go:1313.2,1313.16 1 0
github.com/user/library-api/internal/graphql/generated.go:1313.16,1315.3 1 0
github.com/user/library-api/internal/graphql/generated.go:1316.2,1318.49 2 0
github.com/user/library-api/internal/graphql/generated.go:1318.49,1320.4 1 0
github.com/user/library-api/internal/graphql/generated.go:1321.2,1321.16 1 0
github.com/user/library-api/internal/graphql/generated.go:1321.16,1323.3 1 0
github.com/user/library-api/internal/graphql/generated.go:1324.2,1325.18 2 0
github.com/user/library-api/internal/graphql/generated.go:1328.136,1332.49 3 0
github.com/user/library-api/internal/graphql/generated.go:1332.49,1334.4 1 0
github.com/user/library-api/internal/graphql/generated.go:1335.2,1335.16 1 0
github.com/user/library-api/internal/graphql/generated.go:1335.16,1337.3 1 0
github.com/user/library-api/internal/graphql/generated.go:1338.2,1340.49 2 0
github.com/user/library-api/internal/graphql/generated.go:1340.49,1342.4 1 0
github.com/user/library-api/internal/graphql/generated.go:1343.2,1343.16 1 0
github.com/user/library-api/internal/graphql/generated.go:1343.16,1345.3 1 0
github.com/user/library-api/internal/graphql/generated.go:1346.2,1347.18 2 0
github.com/user/library-api/internal/graphql/generated.go:1350.133,1354.52 3 0
github.com/user/library-api/internal/graphql/generated.go:1354.52,1356.4 1 0
github.com/user/library-api/internal/graphql/generated.go:1357.2,1357.16 1 0
github.com/user/library-api/internal/graphql/generated.go:1357.16,1359.3 1 0
github.com/user/library-api/internal/graphql/generated.go:1360.2,1361.18 2 0
github.com/user/library-api/internal/graphql/generated.go:1364.130,1368.49 3 0
github.com/user/library-api/internal/graphql/generated.go:1368.49,1370.4 1 0
github.com/user/library-api/internal/graphql/generated.go:1371.2,1371.16 1 0
github.com/user/library-api/internal/graphql/generated.go:1371.16,1373.3 1 0
github.com/user/library-api/internal/graphql/generated.go:1374.2,1375.18 2 0
github.com/user/library-api/internal/graphql/generated.go:1378.131,1382.49 3 0
github.com/user/library-api/internal/graphql/generated.go:1382.49,1384.4 1 0
github.com/user/library-api/internal/graphql/generated.go:1385.2,1385.16 1 0
github.com/user/library-api/internal/graphql/generated.go:1385.16,1387.3 1 0
github.com/user/library-api/internal/graphql/generated.go:1388.2,1390.63 2 0
github.com/user/library-api/internal/graphql/generated.go:1390.63,1392.4 1 0
github.com/user/library-api/internal/graphql/generated.go:1393.2,1393.16 1 0
github.com/user/library-api/internal/graphql/generated.go:1393.16,1395.3 1 0
github.com/user/library-api/internal/graphql/generated.go:1396.2,1397.18 2 0
github.com/user/library-api/internal/graphql/generated.go:1400.129,1404.49 3 0
github.com/user/library-api/internal/graphql/generated.go:1404.49,1406.4 1 0
github.com/user/library-api/internal/graphql/generated.go:1407.2,1407.16 1 0
github.com/user/library-api/internal/graphql/generated.go:1407.16,1409.3 1 0
github.com/user/library-api/internal/graphql/generated.go:1410.2,1412.61 2 0
github.com/user/library-api/internal/graphql/generated.go:1412.61,1414.4 1 0
github.com/user/library-api/internal/graphql/generated.go:1415.2,1415.16 1 0
github.com/user/library-api/internal/graphql/generated.go:1415.16,1417.3 1 0
github.com/user/library-api/internal/graphql/generated.go:1418.2,1419.18 2 0
github.com/user/library-api/internal/graphql/generated.go:1422.131,1426.49 3 0
github.com/user/library-api/internal/graphql/generated.go:1426.49,1428.4 1 0
github.com/user/library-api/internal/graphql/generated.go:1429.2,1429.16 1 0
github.com/user/library-api/internal/graphql/generated.go:1429.16,1431.3 1 0
github.com/user/library-api/internal/graphql/generated.go:1432.2,1434.63 2 0
github.com/user/library-api/internal/graphql/generated.go:1434.63,1436.4 1 0
github.com/user/library-api/internal/graphql/generated.go:1437.2,1437.16 1 0
github.com/user/library-api/internal/graphql/generated.go:1437.16,1439.3 1 0
github.com/user/library-api/internal/graphql/generated.go:1440.2,1441.18 2 0
github.com/user/library-api/internal/graphql/generated.go:1444.122,1448.52 3 0
github.com/user/library-api/internal/graphql/generated.go:1448.52,1450.4 1 0
github.com/user/library-api/internal/graphql/generated.go:1451.2,1451.16 1 0
github.com/user/library-api/internal/graphql/generated.go:1451.16,1453.3 1 0
github.com/user/library-api/internal/graphql/generated.go:1454.2,1455.18 2 0
github.com/user/library-api/internal/graphql/generated.go:1458.122,1462.49 3 0
github.com/user/library-api/internal/graphql/generated.go:1462.49,1464.4 1 0
github.com/user/library-api/internal/graphql/generated.go:1465.2,1465.16 1 0
github.com/user/library-api/internal/graphql/generated.go:1465.16,1467.3 1 0
github.com/user/library-api/internal/graphql/generated.go:1468.2,1469.18 2 0
github.com/user/library-api/internal/graphql/generated.go:1472.120,1476.49 3 0
github.com/user/library-api/internal/graphql/generated.go:1476.49,1478.4 1 0
github.com/user/library-api/internal/graphql/generated.go:1479.2,1479.16 1 0
github.com/user/library-api/internal/graphql/generated.go:1479.16,1481.3 1 0
github.com/user/library-api/internal/graphql/generated.go:1482.2,1483.18 2 0
github.com/user/library-api/internal/graphql/generated.go:1486.121,1490.51 3 0
github.com/user/library-api/internal/graphql/generated.go:1490.51,1492.4 1 0
github.com/user/library-api/internal/graphql/generated.go:1493.2,1493.16 1 0
github.com/user/library-api/internal/graphql/generated.go:1493.16,1495.3 1 0
github.com/user/library-api/internal/graphql/generated.go:1496.2,1498.50 2 0
github.com/user/library-api/internal/graphql/generated.go:1498.50,1500.4 1 0
github.com/user/library-api/internal/graphql/generated.go:1501.2,1501.16 1 0
github.com/user/library-api/internal/graphql/generated.go:1501.16,1503.3 1 0
github.com/user/library-api/internal/graphql/generated.go:1504.2,1506.50 2 0
github.com/user/library-api/internal/graphql/generated.go:1506.50,1508.4 1 0
github.com/user/library-api/internal/graphql/generated.go:1509.2,1509.16 1 0
github.com/user/library-api/internal/graphql/generated.go:1509.16,1511.3 1 0
github.com/user/library-api/internal/graphql/generated.go:1512.2,1513.18 2 0
github.com/user/library-api/internal/graphql/generated.go:1516.128,1520.52 3 0
github.com/user/library-api/internal/graphql/generated.go:1520.52,1522.4 1 0
github.com/user/library-api/internal/graphql/generated.go:1523.2,1523.16 1 0
github.com/user/library-api/internal/graphql/generated.go:1523.16,1525.3 1 0
github.com/user/library-api/internal/graphql/generated.go:1526.2,1527.18 2 0
github.com/user/library-api/internal/graphql/generated.go:1530.133,1534.52 3 0
github.com/user/library-api/internal/graphql/generated.go:1534.52,1536.4 1 0
github.com/user/library-api/internal/graphql/generated.go:1537.2,1537.16 1 0
github.com/user/library-api/internal/graphql/generated.go:1537.16,1539.3 1 0
github.com/user/library-api/internal/graphql/generated.go:1540.2,1542.50 2 0
github.com/user/library-api/internal/graphql/generated.go:1542.50,1544.4 1 0
github.com/user/library-api/internal/graphql/generated.go:1545.2,1545.16 1 0
github.com/user/library-api/internal/graphql/generated.go:1545.16,1547.3 1 0
github.com/user/library-api/internal/graphql/generated.go:1548.2,1549.18 2 0
github.com/user/library-api/internal/graphql/generated.go:1552.126,1556.49 3 0
github.com/user/library-api/internal/graphql/generated.go:1556.49,1558.4 1 0
github.com/user/library-api/internal/graphql/generated.go:1559.2,1559.16 1 0
github.com/user/library-api/internal/graphql/generated.go:1559.16,1561.3 1 0
github.com/user/library-api/internal/graphql/generated.go:1562.2,1563.18 2 0
github.com/user/library-api/internal/graphql/generated.go:1566.134,1570.49 3 0
github.com/user/library-api/internal/graphql/generated.go:1570.49,1572.4 1 0
github.com/user/library-api/internal/graphql/generated.go:1573.2,1573.16 1 0
github.com/user/library-api/internal/graphql/generated.go:1573.16,1575.3 1 0
github.com/user/library-api/internal/graphql/generated.go:1576.2,1577.18 2 0
github.com/user/library-api/internal/graphql/generated.go:1580.128,1584.49 3 0
github.com/user/library-api/internal/graphql/generated.go:1584.49,1586.4 1 0
github.com/user/library-api/internal/graphql/generated.go:1587.2,1587.16 1 0
github.com/user/library-api/internal/graphql/generated.go:1587.16,1589.3 1 0
github.com/user/library-api/internal/graphql/generated.go:1590.2,1592.50 2 0
github.com/user/library-api/internal/graphql/generated.go:1592.50,1594.4 1 0
github.com/user/library-api/internal/graphql/generated.go:1595.2,1595.16 1 0
github.com/user/library-api/internal/graphql/generated.go:1595.16,1597.3 1 0
github.com/user/library-api/internal/graphql/generated.go:1598.2,1599.18 2 0
github.com/user/library-api/internal/graphql/generated.go:1602.129,1606.49 3 0
github.com/user/library-api/internal/graphql/generated.go:1606.49,1608.4 1 0
github.com/user/library-api/internal/graphql/generated.go:1609.2,1609.16 1 0
github.com/user/library-api/internal/graphql/generated.go:1609.16,1611.3 1 0
github.com/user/library-api/internal/graphql/generated.go:1612.2,1614.50 2 0
github.com/user/library-api/internal/graphql/generated.go:1614.50,1616.4 1 0
github.com/user/library-api/internal/graphql/generated.go:1617.2,1617.16 1 0
github.com/user/library-api/internal/graphql/generated.go:1617.16,1619.3 1 0
github.com/user/library-api/internal/graphql/generated.go:1620.2,1621.18 2 0
github.com/user/library-api/internal/graphql/generated.go:1624.126,1628.51 3 0
github.com/user/library-api/internal/graphql/generated.go:1628.51,1630.4 1 0
github.com/user/library-api/internal/graphql/generated.go:1631.2,1631.16 1 0
github.com/user/library-api/internal/graphql/generated.go:1631.16,1633.3 1 0
github.com/user/library-api/internal/graphql/generated.go:1634.2,1635.18 2 0
github.com/user/library-api/internal/graphql/generated.go:1638.122,1642.51 3 0
github.com/user/library-api/internal/graphql/generated.go:1642.51,1644.4 1 0
github.com/user/library-api/internal/graphql/generated.go:1645.2,1645.16 1 0
github.com/user/library-api/internal/graphql/generated.go:1645.16,1647.3 1 0
github.com/user/library-api/internal/graphql/generated.go:1648.2,1649.18 2 0
github.com/user/library-api/internal/graphql/generated.go:1652.127,1656.50 3 0
github.com/user/library-api/internal/graphql/generated.go:1656.50,1658.4 1 0
github.com/user/library-api/internal/graphql/generated.go:1659.2,1659.16 1 0
github.com/user/library-api/internal/graphql/generated.go:1659.16,1661.3 1 0
github.com/user/library-api/internal/graphql/generated.go:1662.2,1663.18 2 0
github.com/user/library-api/internal/graphql/generated.go:1666.123,1670.50 3 0
github.com/user/library-api/internal/graphql/generated.go:1670.50,1672.4 1 0
github.com/user/library-api/internal/graphql/generated.go:1673.2,1673.16 1 0
github.com/user/library-api/internal/graphql/generated.go:1673.16,1675.3 1 0
github.com/user/library-api/internal/graphql/generated.go:1676.2,1677.18 2 0
github.com/user/library-api/internal/graphql/generated.go:1688.128,1693.90 1 0
github.com/user/library-api/internal/graphql/generated.go:1693.90,1695.4 1 0
github.com/user/library-api/internal/graphql/generated.go:1696.42,1698.4 1 0
github.com/user/library-api/internal/graphql/generated.go:1700.83,1702.4 1 0
github.com/user/library-api/internal/graphql/generated.go:1707.139,1709.2 1 0
github.com/user/library-api/internal/graphql/generated.go:1711.130,1716.90 1 0
github.com/user/library-api/internal/graphql/generated.go:1716.90,1718.4 1 0
github.com/user/library-api/internal/graphql/generated.go:1719.42,1721.4 1 0
github.com/user/library-api/internal/graphql/generated.go:1723.86,1725.4 1 0
github.com/user/library-api/internal/graphql/generated.go:1730.141,1732.2 1 0
github.com/user/library-api/internal/graphql/generated.go:1734.129,1739.90 1 0
github.com/user/library-api/internal/graphql/generated.go:1739.90,1741.4 1 0
github.com/user/library-api/internal/graphql/generated.go:1742.42,1744.4 1 0
github.com/user/library-api/internal/graphql/generated.go:1746.87,1748.4 1 0
github.com/user/library-api/internal/graphql/generated.go:1753.140,1755.2 1 0
github.com/user/library-api/internal/graphql/generated.go:1757.131,1762.90 1 0
github.com/user/library-api/internal/graphql/generated.go:1762.90,1764.4 1 0
github.com/user/library-api/internal/graphql/generated.go:1765.42,1767.4 1 0
github.com/user/library-api/internal/graphql/generated.go:1769.87,1771.4 1 0
github.com/user/library-api/internal/graphql/generated.go:1776.142,1782.97 1 0
github.com/user/library-api/internal/graphql/generated.go:1782.97,1784.4 1 0
github.com/user/library-api/internal/graphql/generated.go:1786.2,1786.16 1 0
github.com/user/library-api/internal/graphql/generated.go:1789.132,1794.90 1 0
github.com/user/library-api/internal/graphql/generated.go:1794.90,1796.4 1 0
github.com/user/library-api/internal/graphql/generated.go:1797.42,1799.4 1 0
github.com/user/library-api/internal/graphql/generated.go:1801.89,1803.4 1 0
github.com/user/library-api/internal/graphql/generated.go:1808.143,1814.97 1 0
github.com/user/library-api/internal/graphql/generated.go:1814.97,1816.4 1 0
github.com/user/library-api/internal/graphql/generated.go:1818.2,1818.16 1 0
github.com/user/library-api/internal/graphql/generated.go:1821.124,1826.90 1 0
github.com/user/library-api/internal/graphql/generated.go:1826.90,1828.4 1 0
github.com/user/library-api/internal/graphql/generated.go:1829.42,1831.4 1 0
github.com/user/library-api/internal/graphql/generated.go:1833.83,1835.4 1 0
github.com/user/library-api/internal/graphql/generated.go:1840.137,1842.2 1 0
github.com/user/library-api/internal/graphql/generated.go:1844.127,1849.90 1 0
github.com/user/library-api/internal/graphql/generated.go:1849.90,1851.4 1 0
github.com/user/library-api/internal/graphql/generated.go:1852.42,1854.4 1 0
github.com/user/library-api/internal/graphql/generated.go:1856.86,1858.4 1 0
github.com/user/library-api/internal/graphql/generated.go:1863.140,1865.2 1 0
github.com/user/library-api/internal/graphql/generated.go:1867.126,1872.90 1 0
github.com/user/library-api/internal/graphql/generated.go:1872.90,1874.4 1 0
github.com/user/library-api/internal/graphql/generated.go:1875.42,1877.4 1 0
github.com/user/library-api/internal/graphql/generated.go:1879.87,1881.4 1 0
github.com/user/library-api/internal/graphql/generated.go:1886.139,1888.2 1 0
github.com/user/library-api/internal/graphql/generated.go:1890.128,1895.90 1 0
github.com/user/library-api/internal/graphql/generated.go:1895.90,1897.4 1 0
github.com/user/library-api/internal/graphql/generated.go:1898.42,1900.4 1 0
github.com/user/library-api/internal/graphql/generated.go:1902.87,1904.4 1 0
github.com/user/library-api/internal/graphql/generated.go:1909.141,1911.2 1 0
github.com/user/library-api/internal/graphql/generated.go:1913.135,1918.90 1 0
github.com/user/library-api/internal/graphql/generated.go:1918.90,1920.4 1 0
github.com/user/library-api/internal/graphql/generated.go:1921.42,1923.4 1 0
github.com/user/library-api/internal/graphql/generated.go:1925.90,1927.4 1 0
github.com/user/library-api/internal/graphql/generated.go:1932.148,1934.2 1 0
github.com/user/library-api/internal/graphql/generated.go:1936.131,1941.90 1 0
github.com/user/library-api/internal/graphql/generated.go:1941.90,1943.4 1 0
github.com/user/library-api/internal/graphql/generated.go:1944.42,1946.4 1 0
github.com/user/library-api/internal/graphql/generated.go:1948.84,1950.4 1 0
github.com/user/library-api/internal/graphql/generated.go:1955.144,1957.2 1 0
github.com/user/library-api/internal/graphql/generated.go:1959.133,1964.90 1 0
github.com/user/library-api/internal/graphql/generated.go:1964.90,1966.4 1 0
github.com/user/library-api/internal/graphql/generated.go:1967.42,1969.4 1 0
github.com/user/library-api/internal/graphql/generated.go:1971.87,1973.4 1 0
github.com/user/library-api/internal/graphql/generated.go:1978.146,1980.2 1 0
github.com/user/library-api/internal/graphql/generated.go:1982.130,1987.90 1 0
github.com/user/library-api/internal/graphql/generated.go:1987.90,1989.4 1 0
github.com/user/library-api/internal/graphql/generated.go:1990.42,1992.4 1 0
github.com/user/library-api/internal/graphql/generated.go:1994.87,1996.4 1 0
github.com/user/library-api/internal/graphql/generated.go:2001.143,2003.2 1 0
github.com/user/library-api/internal/graphql/generated.go:2005.127,2010.90 1 0
github.com/user/library-api/internal/graphql/generated.go:2010.90,2012.4 1 0
github.com/user/library-api/internal/graphql/generated.go:2013.42,2015.4 1 0
github.com/user/library-api/internal/graphql/generated.go:2017.84,2019.4 1 0
github.com/user/library-api/internal/graphql/generated.go:2024.140,2026.2 1 0
github.com/user/library-api/internal/graphql/generated.go:2028.128,2033.90 1 0
github.com/user/library-api/internal/graphql/generated.go:2033.90,2035.4 1 0
github.com/user/library-api/internal/graphql/generated.go:2036.42,2038.4 1 0
github.com/user/library-api/internal/graphql/generated.go:2040.87,2042.4 1 0
github.com/user/library-api/internal/graphql/generated.go:2047.141,2053.97 1 0
github.com/user/library-api/internal/graphql/generated.go:2053.97,2055.4 1 0
github.com/user/library-api/internal/graphql/generated.go:2057.2,2057.16 1 0
github.com/user/library-api/internal/graphql/generated.go:2060.128,2065.90 1 0
github.com/user/library-api/internal/graphql/generated.go:2065.90,2067.4 1 0
github.com/user/library-api/internal/graphql/generated.go:2068.42,2070.4 1 0
github.com/user/library-api/internal/graphql/generated.go:2072.93,2074.4 1 0
github.com/user/library-api/internal/graphql/generated.go:2079.141,2085.97 1 0
github.com/user/library-api/internal/graphql/generated.go:2085.97,2087.4 1 0
github.com/user/library-api/internal/graphql/generated.go:2089.2,2089.16 1 0
github.com/user/library-api/internal/graphql/generated.go:2092.126,2097.90 1 0
github.com/user/library-api/internal/graphql/generated.go:2097.90,2099.4 1 0
github.com/user/library-api/internal/graphql/generated.go:2100.42,2102.4 1 0
github.com/user/library-api/internal/graphql/generated.go:2104.86,2106.4 1 0
github.com/user/library-api/internal/graphql/generated.go:2111.139,2117.97 1 0
github.com/user/library-api/internal/graphql/generated.go:2117.97,2119.4 1 0
github.com/user/library-api/internal/graphql/generated.go:2121.2,2121.16 1 0
github.com/user/library-api/internal/graphql/generated.go:2124.143,2129.90 1 0
github.com/user/library-api/internal/graphql/generated.go:2129.90,2131.4 1 0
github.com/user/library-api/internal/graphql/generated.go:2132.42,2134.4 1 0
github.com/user/library-api/internal/graphql/generated.go:2136.87,2138.4 1 0
github.com/user/library-api/internal/graphql/generated.go:2143.148,2145.2 1 0
github.com/user/library-api/internal/graphql/generated.go:2147.148,2152.90 1 0
github.com/user/library-api/internal/graphql/generated.go:2152.90,2154.4 1 0
github.com/user/library-api/internal/graphql/generated.go:2155.42,2157.4 1 0
github.com/user/library-api/internal/graphql/generated.go:2159.89,2161.4 1 0
github.com/user/library-api/internal/graphql/generated.go:2166.153,2168.2 1 0
github.com/user/library-api/internal/graphql/generated.go:2170.142,2175.90 1 0
github.com/user/library-api/internal/graphql/generated.go:2175.90,2177.4 1 0
github.com/user/library-api/internal/graphql/generated.go:2178.42,2180.4 1 0
github.com/user/library-api/internal/graphql/generated.go:2182.89,2184.4 1 0
github.com/user/library-api/internal/graphql/generated.go:2189.147,2191.2 1 0
github.com/user/library-api/internal/graphql/generated.go:2193.154,2198.90 1 0
github.com/user/library-api/internal/graphql/generated.go:2198.90,2200.4 1 0
github.com/user/library-api/internal/graphql/generated.go:2201.42,2203.4 1 0
github.com/user/library-api/internal/graphql/generated.go:2205.84,2207.4 1 0
github.com/user/library-api/internal/graphql/generated.go:2212.159,2214.2 1 0
github.com/user/library-api/internal/graphql/generated.go:2216.145,2221.90 1 0
github.com/user/library-api/internal/graphql/generated.go:2221.90,2223.4 1 0
github.com/user/library-api/internal/graphql/generated.go:2224.42,2226.4 1 0
github.com/user/library-api/internal/graphql/generated.go:2228.87,2230.4 1 0
github.com/user/library-api/internal/graphql/generated.go:2235.150,2237.2 1 0
github.com/user/library-api/internal/graphql/generated.go:2239.141,2244.90 1 0
github.com/user/library-api/internal/graphql/generated.go:2244.90,2246.4 1 0
github.com/user/library-api/internal/graphql/generated.go:2247.42,2249.4 1 0
github.com/user/library-api/internal/graphql/generated.go:2251.87,2253.4 1 0
github.com/user/library-api/internal/graphql/generated.go:2258.146,2260.2 1 0
github.com/user/library-api/internal/graphql/generated.go:2262.125,2267.90 1 0
github.com/user/library-api/internal/graphql/generated.go:2267.90,2269.4 1 0
github.com/user/library-api/internal/graphql/generated.go:2270.42,2273.4 2 0
github.com/user/library-api/internal/graphql/generated.go:2275.85,2277.4 1 0
github.com/user/library-api/internal/graphql/generated.go:2282.151,2288.97 1 0
github.com/user/library-api/internal/graphql/generated.go:2288.97,2290.4 1 0
github.com/user/library-api/internal/graphql/generated.go:2292.2,2292.15 1 0
github.com/user/library-api/internal/graphql/generated.go:2292.15,2293.31 1 0
github.com/user/library-api/internal/graphql/generated.go:2293.31,2296.4 2 0
github.com/user/library-api/internal/graphql/generated.go:2298.2,2299.104 2 0
github.com/user/library-api/internal/graphql/generated.go:2299.104,2302.3 2 0
github.com/user/library-api/internal/graphql/generated.go:2303.2,2303.16 1 0
github.com/user/library-api/internal/graphql/generated.go:2306.125,2311.90 1 0
github.com/user/library-api/internal/graphql/generated.go:2311.90,2313.4 1 0
github.com/user/library-api/internal/graphql/generated.go:2314.42,2317.4 2 0
github.com/user/library-api/internal/graphql/generated.go:2319.85,2321.4 1 0
github.com/user/library-api/internal/graphql/generated.go:2326.151,2332.97 1 0
github.com/user/library-api/internal/graphql/generated.go:2332.97,2334.4 1 0
github.com/user/library-api/internal/graphql/generated.go:2336.2,2336.15 1 0
github.com/user/library-api/internal/graphql/generated.go:2336.15,2337.31 1 0
github.com/user/library-api/internal/graphql/generated.go:2337.31,2340.4 2 0
github.com/user/library-api/internal/graphql/generated.go:2342.2,2343.104 2 0
github.com/user/library-api/internal/graphql/generated.go:2343.104,2346.3 2 0
github.com/user/library-api/internal/graphql/generated.go:2347.2,2347.16 1 0
github.com/user/library-api/internal/graphql/generated.go:2350.125,2355.90 1 0
github.com/user/library-api/internal/graphql/generated.go:2355.90,2357.4 1 0
github.com/user/library-api/internal/graphql/generated.go:2358.42,2361.4 2 0
github.com/user/library-api/internal/graphql/generated.go:2363.84,2365.4 1 0
github.com/user/library-api/internal/graphql/generated.go:2370.151,2376.97 1 0
github.com/user/library-api/internal/graphql/generated.go:2376.97,2378.4 1 0
github.com/user/library-api/internal/graphql/generated.go:2380.2,2380.15 1 0
github.com/user/library-api/internal/graphql/generated.go:2380.15,2381.31 1 0
github.com/user/library-api/internal/graphql/generated.go:2381.31,2384.4 2 0
github.com/user/library-api/internal/graphql/generated.go:2386.2,2387.104 2 0
github.com/user/library-api/internal/graphql/generated.go:2387.104,2390.3 2 0
github.com/user/library-api/internal/graphql/generated.go:2391.2,2391.16 1 0
github.com/user/library-api/internal/graphql/generated.go:2394.126,2399.90 1 0
github.com/user/library-api/internal/graphql/generated.go:2399.90,2401.4 1 0
github.com/user/library-api/internal/graphql/generated.go:2402.42,2405.4 2 0
github.com/user/library-api/internal/graphql/generated.go:2407.85,2409.4 1 0
github.com/user/library-api/internal/graphql/generated.go:2414.152,2420.97 1 0
github.com/user/library-api/internal/graphql/generated.go:2420.97,2422.4 1 0
github.com/user/library-api/internal/graphql/generated.go:2424.2,2424.15 1 0
github.com/user/library-api/internal/graphql/generated.go:2424.15,2425.31 1 0
github.com/user/library-api/internal/graphql/generated.go:2425.31,2428.4 2 0
github.com/user/library-api/internal/graphql/generated.go:2430.2,2431.105 2 0
github.com/user/library-api/internal/graphql/generated.go:2431.105,2434.3 2 0
github.com/user/library-api/internal/graphql/generated.go:2435.2,2435.16 1 0
github.com/user/library-api/internal/graphql/generated.go:2438.127,2443.90 1 0
github.com/user/library-api/internal/graphql/generated.go:2443.90,2445.4 1 0
github.com/user/library-api/internal/graphql/generated.go:2446.42,2449.4 2 0
github.com/user/library-api/internal/graphql/generated.go:2451.87,2453.4 1 0
github.com/user/library-api/internal/graphql/generated.go:2458.153,2464.97 1 0
github.com/user/library-api/internal/graphql/generated.go:2464.97,2466.4 1 0
github.com/user/library-api/internal/graphql/generated.go:2468.2,2468.15 1 0
github.com/user/library-api/internal/graphql/generated.go:2468.15,2469.31 1 0
github.com/user/library-api/internal/graphql/generated.go:2469.31,2472.4 2 0
github.com/user/library-api/internal/graphql/generated.go:2474.2,2475.106 2 0
github.com/user/library-api/internal/graphql/generated.go:2475.106,2478.3 2 0
github.com/user/library-api/internal/graphql/generated.go:2479.2,2479.16 1 0
github.com/user/library-api/internal/graphql/generated.go:2482.127,2487.90 1 0
github.com/user/library-api/internal/graphql/generated.go:2487.90,2489.4 1 0
github.com/user/library-api/internal/graphql/generated.go:2490.42,2493.4 2 0
github.com/user/library-api/internal/graphql/generated.go:2495.87,2497.4 1 0
github.com/user/library-api/internal/graphql/generated.go:2502.153,2508.97 1 0
github.com/user/library-api/internal/graphql/generated.go:2508.97,2510.4 1 0
github.com/user/library-api/internal/graphql/generated.go:2512.2,2512.15 1 0
github.com/user/library-api/internal/graphql/generated.go:2512.15,2513.31 1 0
github.com/user/library-api/internal/graphql/generated.go:2513.31,2516.4 2 0
github.com/user/library-api/internal/graphql/generated.go:2518.2,2519.106 2 0
github.com/user/library-api/internal/graphql/generated.go:2519.106,2522.3 2 0
github.com/user/library-api/internal/graphql/generated.go:2523.2,2523.16 1 0
github.com/user/library-api/internal/graphql/generated.go:2526.127,2531.90 1 0
github.com/user/library-api/internal/graphql/generated.go:2531.90,2533.4 1 0
github.com/user/library-api/internal/graphql/generated.go:2534.42,2537.4 2 0
github.com/user/library-api/internal/graphql/generated.go:2539.84,2541.4 1 0
github.com/user/library-api/internal/graphql/generated.go:2546.153,2552.97 1 0
github.com/user/library-api/internal/graphql/generated.go:2552.97,2554.4 1 0
github.com/user/library-api/internal/graphql/generated.go:2556.2,2556.15 1 0
github.com/user/library-api/internal/graphql/generated.go:2556.15,2557.31 1 0
github.com/user/library-api/internal/graphql/generated.go:2557.31,2560.4 2 0
github.com/user/library-api/internal/graphql/generated.go:2562.2,2563.106 2 0
github.com/user/library-api/internal/graphql/generated.go:2563.106,2566.3 2 0
github.com/user/library-api/internal/graphql/generated.go:2567.2,2567.16 1 0
github.com/user/library-api/internal/graphql/generated.go:2570.127,2575.90 1 0
github.com/user/library-api/internal/graphql/generated.go:2575.90,2577.4 1 0
github.com/user/library-api/internal/graphql/generated.go:2578.42,2581.4 2 0
github.com/user/library-api/internal/graphql/generated.go:2583.87,2585.4 1 0
github.com/user/library-api/internal/graphql/generated.go:2590.153,2596.97 1 0
github.com/user/library-api/internal/graphql/generated.go:2596.97,2598.4 1 0
github.com/user/library-api/internal/graphql/generated.go:2600.2,2600.15 1 0
github.com/user/library-api/internal/graphql/generated.go:2600.15,2601.31 1 0
github.com/user/library-api/internal/graphql/generated.go:2601.31,2604.4 2 0
github.com/user/library-api/internal/graphql/generated.go:2606.2,2607.106 2 0
github.com/user/library-api/internal/graphql/generated.go:2607.106,2610.3 2 0
github.com/user/library-api/internal/graphql/generated.go:2611.2,2611.16 1 0
github.com/user/library-api/internal/graphql/generated.go:2614.127,2619.90 1 0
github.com/user/library-api/internal/graphql/generated.go:2619.90,2621.4 1 0
github.com/user/library-api/internal/graphql/generated.go:2622.42,2625.4 2 0
github.com/user/library-api/internal/graphql/generated.go:2627.87,2629.4 1 0
github.com/user/library-api/internal/graphql/generated.go:2634.153,2640.97 1 0
github.com/user/library-api/internal/graphql/generated.go:2640.97,2642.4 1 0
github.com/user/library-api/internal/graphql/generated.go:2644.2,2644.15 1 0
github.com/user/library-api/internal/graphql/generated.go:2644.15,2645.31 1 0
github.com/user/library-api/internal/graphql/generated.go:2645.31,2648.4 2 0
github.com/user/library-api/internal/graphql/generated.go:2650.2,2651.106 2 0
github.com/user/library-api/internal/graphql/generated.go:2651.106,2654.3 2 0
github.com/user/library-api/internal/graphql/generated.go:2655.2,2655.16 1 0
github.com/user/library-api/internal/graphql/generated.go:2658.127,2663.90 1 0
github.com/user/library-api/internal/graphql/generated.go:2663.90,2665.4 1 0
github.com/user/library-api/internal/graphql/generated.go:2666.42,2669.4 2 0
github.com/user/library-api/internal/graphql/generated.go:2671.84,2673.4 1 0
github.com/user/library-api/internal/graphql/generated.go:2678.153,2684.97 1 0
github.com/user/library-api/internal/graphql/generated.go:2684.97,2686.4 1 0
github.com/user/library-api/internal/graphql/generated.go:2688.2,2688.15 1 0
github.com/user/library-api/internal/graphql/generated.go:2688.15,2689.31 1 0
github.com/user/library-api/internal/graphql/generated.go:2689.31,2692.4 2 0
github.com/user/library-api/internal/graphql/generated.go:2694.2,2695.106 2 0
github.com/user/library-api/internal/graphql/generated.go:2695.106,2698.3 2 0
github.com/user/library-api/internal/graphql/generated.go:2699.2,2699.16 1 0
github.com/user/library-api/internal/graphql/generated.go:2702.130,2707.90 1 0
github.com/user/library-api/internal/graphql/generated.go:2707.90,2709.4 1 0
github.com/user/library-api/internal/graphql/generated.go:2710.42,2713.4 2 0
github.com/user/library-api/internal/graphql/generated.go:2715.91,2717.4 1 0
github.com/user/library-api/internal/graphql/generated.go:2722.156,2728.97 1 0
github.com/user/library-api/internal/graphql/generated.go:2728.97,2730.4 1 0
github.com/user/library-api/internal/graphql/generated.go:2732.2,2732.15 1 0
github.com/user/library-api/internal/graphql/generated.go:2732.15,2733.31 1 0
github.com/user/library-api/internal/graphql/generated.go:2733.31,2736.4 2 0
github.com/user/library-api/internal/graphql/generated.go:2738.2,2739.109 2 0
github.com/user/library-api/internal/graphql/generated.go:2739.109,2742.3 2 0
github.com/user/library-api/internal/graphql/generated.go:2743.2,2743.16 1 0
github.com/user/library-api/internal/graphql/generated.go:2746.135,2751.90 1 0
github.com/user/library-api/internal/graphql/generated.go:2751.90,2753.4 1 0
github.com/user/library-api/internal/graphql/generated.go:2754.42,2757.4 2 0
github.com/user/library-api/internal/graphql/generated.go:2759.84,2761.4 1 0
github.com/user/library-api/internal/graphql/generated.go:2766.161,2772.97 1 0
github.com/user/library-api/internal/graphql/generated.go:2772.97,2774.4 1 0
github.com/user/library-api/internal/graphql/generated.go:2776.2,2776.15 1 0
github.com/user/library-api/internal/graphql/generated.go:2776.15,2777.31 1 0
github.com/user/library-api/internal/graphql/generated.go:2777.31,2780.4 2 0
github.com/user/library-api/internal/graphql/generated.go:2782.2,2783.114 2 0
github.com/user/library-api/internal/graphql/generated.go:2783.114,2786.3 2 0
github.com/user/library-api/internal/graphql/generated.go:2787.2,2787.16 1 0
github.com/user/library-api/internal/graphql/generated.go:2790.124,2795.90 1 0
github.com/user/library-api/internal/graphql/generated.go:2795.90,2797.4 1 0
github.com/user/library-api/internal/graphql/generated.go:2798.42,2801.4 2 0
github.com/user/library-api/internal/graphql/generated.go:2803.84,2805.4 1 0
github.com/user/library-api/internal/graphql/generated.go:2810.150,2816.97 1 0
github.com/user/library-api/internal/graphql/generated.go:2816.97,2818.4 1 0
github.com/user/library-api/internal/graphql/generated.go:2820.2,2820.15 1 0
github.com/user/library-api/internal/graphql/generated.go:2820.15,2821.31 1 0
github.com/user/library-api/internal/graphql/generated.go:2821.31,2824.4 2 0
github.com/user/library-api/internal/graphql/generated.go:2826.2,2827.103 2 0
github.com/user/library-api/internal/graphql/generated.go:2827.103,2830.3 2 0
github.com/user/library-api/internal/graphql/generated.go:2831.2,2831.16 1 0
github.com/user/library-api/internal/graphql/generated.go:2834.127,2839.90 1 0
github.com/user/library-api/internal/graphql/generated.go:2839.90,2841.4 1 0
github.com/user/library-api/internal/graphql/generated.go:2842.42,2845.4 2 0
github.com/user/library-api/internal/graphql/generated.go:2847.85,2849.4 1 0
github.com/user/library-api/internal/graphql/generated.go:2854.153,2860.97 1 0
github.com/user/library-api/internal/graphql/generated.go:2860.97,2862.4 1 0
github.com/user/library-api/internal/graphql/generated.go:2864.2,2864.15 1 0
github.com/user/library-api/internal/graphql/generated.go:2864.15,2865.31 1 0
github.com/user/library-api/internal/graphql/generated.go:2865.31,2868.4 2 0
github.com/user/library-api/internal/graphql/generated.go:2870.2,2871.106 2 0
github.com/user/library-api/internal/graphql/generated.go:2871.106,2874.3 2 0
github.com/user/library-api/internal/graphql/generated.go:2875.2,2875.16 1 0
github.com/user/library-api/internal/graphql/generated.go:2878.132,2883.90 1 0
github.com/user/library-api/internal/graphql/generated.go:2883.90,2885.4 1 0
github.com/user/library-api/internal/graphql/generated.go:2886.42,2889.4 2 0
github.com/user/library-api/internal/graphql/generated.go:2891.85,2893.4 1 0
github.com/user/library-api/internal/graphql/generated.go:2898.158,2904.97 1 0
github.com/user/library-api/internal/graphql/generated.go:2904.97,2906.4 1 0
github.com/user/library-api/internal/graphql/generated.go:2908.2,2908.15 1 0
github.com/user/library-api/internal/graphql/generated.go:2908.15,2909.31 1 0
github.com/user/library-api/internal/graphql/generated.go:2909.31,2912.4 2 0
github.com/user/library-api/internal/graphql/generated.go:2914.2,2915.111 2 0
github.com/user/library-api/internal/graphql/generated.go:2915.111,2918.3 2 0
github.com/user/library-api/internal/graphql/generated.go:2919.2,2919.16 1 0
github.com/user/library-api/internal/graphql/generated.go:2922.129,2927.90 1 0
github.com/user/library-api/internal/graphql/generated.go:2927.90,2929.4 1 0
github.com/user/library-api/internal/graphql/generated.go:2930.42,2933.4 2 0
github.com/user/library-api/internal/graphql/generated.go:2935.91,2937.4 1 0
github.com/user/library-api/internal/graphql/generated.go:2942.155,2948.97 1 0
github.com/user/library-api/internal/graphql/generated.go:2948.97,2950.4 1 0
github.com/user/library-api/internal/graphql/generated.go:2952.2,2952.15 1 0
github.com/user/library-api/internal/graphql/generated.go:2952.15,2953.31 1 0
github.com/user/library-api/internal/graphql/generated.go:2953.31,2956.4 2 0
github.com/user/library-api/internal/graphql/generated.go:2958.2,2959.108 2 0
github.com/user/library-api/internal/graphql/generated.go:2959.108,2962.3 2 0
github.com/user/library-api/internal/graphql/generated.go:2963.2,2963.16 1 0
github.com/user/library-api/internal/graphql/generated.go:2966.117,2971.90 1 0
github.com/user/library-api/internal/graphql/generated.go:2971.90,2973.4 1 0
github.com/user/library-api/internal/graphql/generated.go:2974.42,2977.4 2 0
github.com/user/library-api/internal/graphql/generated.go:2979.87,2981.4 1 0
github.com/user/library-api/internal/graphql/generated.go:2986.143,2992.97 1 0
github.com/user/library-api/internal/graphql/generated.go:2992.97,2994.4 1 0
github.com/user/library-api/internal/graphql/generated.go:2996.2,2996.15 1 0
github.com/user/library-api/internal/graphql/generated.go:2996.15,2997.31 1 0
github.com/user/library-api/internal/graphql/generated.go:2997.31,3000.4 2 0
github.com/user/library-api/internal/graphql/generated.go:3002.2,3003.96 2 0
github.com/user/library-api/internal/graphql/generated.go:3003.96,3006.3 2 0
github.com/user/library-api/internal/graphql/generated.go:3007.2,3007.16 1 0
github.com/user/library-api/internal/graphql/generated.go:3010.116,3015.90 1 0
github.com/user/library-api/internal/graphql/generated.go:3015.90,3017.4 1 0
github.com/user/library-api/internal/graphql/generated.go:3018.42,3021.4 2 0
github.com/user/library-api/internal/graphql/generated.go:3023.85,3025.4 1 0
github.com/user/library-api/internal/graphql/generated.go:3030.142,3036.97 1 0
github.com/user/library-api/internal/graphql/generated.go:3036.97,3038.4 1 0
github.com/user/library-api/internal/graphql/generated.go:3040.2,3040.15 1 0
github.com/user/library-api/internal/graphql/generated.go:3040.15,3041.31 1 0
github.com/user/library-api/internal/graphql/generated.go:3041.31,3044.4 2 0
github.com/user/library-api/internal/graphql/generated.go:3046.2,3047.95 2 0
github.com/user/library-api/internal/graphql/generated.go:3047.95,3050.3 2 0
github.com/user/library-api/internal/graphql/generated.go:3051.2,3051.16 1 0
github.com/user/library-api/internal/graphql/generated.go:3054.119,3059.90 1 0
github.com/user/library-api/internal/graphql/generated.go:3059.90,3061.4 1 0
github.com/user/library-api/internal/graphql/generated.go:3062.42,3064.4 1 0
github.com/user/library-api/internal/graphql/generated.go:3066.89,3068.4 1 0
github.com/user/library-api/internal/graphql/generated.go:3073.143,3079.97 1 0
github.com/user/library-api/internal/graphql/generated.go:3079.97,3081.4 1 0
github.com/user/library-api/internal/graphql/generated.go:3083.2,3083.16 1 0
github.com/user/library-api/internal/graphql/generated.go:3086.118,3091.90 1 0
github.com/user/library-api/internal/graphql/generated.go:3091.90,3093.4 1 0
github.com/user/library-api/internal/graphql/generated.go:3094.42,3097.4 2 0
github.com/user/library-api/internal/graphql/generated.go:3099.87,3101.4 1 0
github.com/user/library-api/internal/graphql/generated.go:3106.144,3112.97 1 0
github.com/user/library-api/internal/graphql/generated.go:3112.97,3114.4 1 0
github.com/user/library-api/internal/graphql/generated.go:3116.2,3116.15 1 0
github.com/user/library-api/internal/graphql/generated.go:3116.15,3117.31 1 0
github.com/user/library-api/internal/graphql/generated.go:3117.31,3120.4 2 0
github.com/user/library-api/internal/graphql/generated.go:3122.2,3123.97 2 0
github.com/user/library-api/internal/graphql/generated.go:3123.97,3126.3 2 0
github.com/user/library-api/internal/graphql/generated.go:3127.2,3127.16 1 0
github.com/user/library-api/internal/graphql/generated.go:3130.118,3135.90 1 0
github.com/user/library-api/internal/graphql/generated.go:3135.90,3137.4 1 0
github.com/user/library-api/internal/graphql/generated.go:3138.42,3140.4 1 0
github.com/user/library-api/internal/graphql/generated.go:3142.89,3144.4 1 0
github.com/user/library-api/internal/graphql/generated.go:3149.142,3155.97 1 0
github.com/user/library-api/internal/graphql/generated.go:3155.97,3157.4 1 0
github.com/user/library-api/internal/graphql/generated.go:3159.2,3159.16 1 0
github.com/user/library-api/internal/graphql/generated.go:3162.122,3167.90 1 0
github.com/user/library-api/internal/graphql/generated.go:3167.90,3169.4 1 0
github.com/user/library-api/internal/graphql/generated.go:3170.42,3173.4 2 0
github.com/user/library-api/internal/graphql/generated.go:3175.87,3177.4 1 0
github.com/user/library-api/internal/graphql/generated.go:3182.148,3188.97 1 0
github.com/user/library-api/internal/graphql/generated.go:3188.97,3190.4 1 0
github.com/user/library-api/internal/graphql/generated.go:3192.2,3192.15 1 0
github.com/user/library-api/internal/graphql/generated.go:3192.15,3193.31 1 0
github.com/user/library-api/internal/graphql/generated.go:3193.31,3196.4 2 0
github.com/user/library-api/internal/graphql/generated.go:3198.2,3199.101 2 0
github.com/user/library-api/internal/graphql/generated.go:3199.101,3202.3 2 0
github.com/user/library-api/internal/graphql/generated.go:3203.2,3203.16 1 0
github.com/user/library-api/internal/graphql/generated.go:3206.130,3211.90 1 0
github.com/user/library-api/internal/graphql/generated.go:3211.90,3213.4 1 0
github.com/user/library-api/internal/graphql/generated.go:3214.42,3217.4 2 0
github.com/user/library-api/internal/graphql/generated.go:3219.87,3221.4 1 0
github.com/user/library-api/internal/graphql/generated.go:3226.156,3232.97 1 0
github.com/user/library-api/internal/graphql/generated.go:3232.97,3234.4 1 0
github.com/user/library-api/internal/graphql/generated.go:3236.2,3236.15 1 0
github.com/user/library-api/internal/graphql/generated.go:3236.15,3237.31 1 0
github.com/user/library-api/internal/graphql/generated.go:3237.31,3240.4 2 0
github.com/user/library-api/internal/graphql/generated.go:3242.2,3243.109 2 0
github.com/user/library-api/internal/graphql/generated.go:3243.109,3246.3 2 0
github.com/user/library-api/internal/graphql/generated.go:3247.2,3247.16 1 0
github.com/user/library-api/internal/graphql/generated.go:3250.124,3255.90 1 0
github.com/user/library-api/internal/graphql/generated.go:3255.90,3257.4 1 0
github.com/user/library-api/internal/graphql/generated.go:3258.42,3261.4 2 0
github.com/user/library-api/internal/graphql/generated.go:3263.95,3265.4 1 0
github.com/user/library-api/internal/graphql/generated.go:3270.150,3276.97 1 0
github.com/user/library-api/internal/graphql/generated.go:3276.97,3278.4 1 0
github.com/user/library-api/internal/graphql/generated.go:3280.2,3280.15 1 0
github.com/user/library-api/internal/graphql/generated.go:3280.15,3281.31 1 0
github.com/user/library-api/internal/graphql/generated.go:3281.31,3284.4 2 0
github.com/user/library-api/internal/graphql/generated.go:3286.2,3287.103 2 0
github.com/user/library-api/internal/graphql/generated.go:3287.103,3290.3 2 0
github.com/user/library-api/internal/graphql/generated.go:3291.2,3291.16 1 0
github.com/user/library-api/internal/graphql/generated.go:3294.125,3299.90 1 0
github.com/user/library-api/internal/graphql/generated.go:3299.90,3301.4 1 0
github.com/user/library-api/internal/graphql/generated.go:3302.42,3305.4 2 0
github.com/user/library-api/internal/graphql/generated.go:3307.95,3309.4 1 0
github.com/user/library-api/internal/graphql/generated.go:3314.151,3320.97 1 0
github.com/user/library-api/internal/graphql/generated.go:3320.97,3322.4 1 0
github.com/user/library-api/internal/graphql/generated.go:3324.2,3324.15 1 0
github.com/user/library-api/internal/graphql/generated.go:3324.15,3325.31 1 0
github.com/user/library-api/internal/graphql/generated.go:3325.31,3328.4 2 0
github.com/user/library-api/internal/graphql/generated.go:3330.2,3331.104 2 0
github.com/user/library-api/internal/graphql/generated.go:3331.104,3334.3 2 0
github.com/user/library-api/internal/graphql/generated.go:3335.2,3335.16 1 0
github.com/user/library-api/internal/graphql/generated.go:3338.129,3343.90 1 0
github.com/user/library-api/internal/graphql/generated.go:3343.90,3345.4 1 0
github.com/user/library-api/internal/graphql/generated.go:3346.42,3349.4 2 0
github.com/user/library-api/internal/graphql/generated.go:3351.95,3353.4 1 0
github.com/user/library-api/internal/graphql/generated.go:3358.155,3364.97 1 0
github.com/user/library-api/internal/graphql/generated.go:3364.97,3366.4 1 0
github.com/user/library-api/internal/graphql/generated.go:3368.2,3368.15 1 0
github.com/user/library-api/internal/graphql/generated.go:3368.15,3369.31 1 0
github.com/user/library-api/internal/graphql/generated.go:3369.31,3372.4 2 0
github.com/user/library-api/internal/graphql/generated.go:3374.2,3375.108 2 0
github.com/user/library-api/internal/graphql/generated.go:3375.108,3378.3 2 0
github.com/user/library-api/internal/graphql/generated.go:3379.2,3379.16 1 0
github.com/user/library-api/internal/graphql/generated.go:3382.124,3387.90 1 0
github.com/user/library-api/internal/graphql/generated.go:3387.90,3389.4 1 0
github.com/user/library-api/internal/graphql/generated.go:3390.42,3393.4 2 0
github.com/user/library-api/internal/graphql/generated.go:3395.93,3397.4 1 0
github.com/user/library-api/internal/graphql/generated.go:3402.150,3408.97 1 0
github.com/user/library-api/internal/graphql/generated.go:3408.97,3410.4 1 0
github.com/user/library-api/internal/graphql/generated.go:3412.2,3412.15 1 0
github.com/user/library-api/internal/graphql/generated.go:3412.15,3413.31 1 0
github.com/user/library-api/internal/graphql/generated.go:3413.31,3416.4 2 0
github.com/user/library-api/internal/graphql/generated.go:3418.2,3419.103 2 0
github.com/user/library-api/internal/graphql/generated.go:3419.103,3422.3 2 0
github.com/user/library-api/internal/graphql/generated.go:3423.2,3423.16 1 0
github.com/user/library-api/internal/graphql/generated.go:3426.116,3431.90 1 0
github.com/user/library-api/internal/graphql/generated.go:3431.90,3433.4 1 0
github.com/user/library-api/internal/graphql/generated.go:3434.42,3436.4 1 0
github.com/user/library-api/internal/graphql/generated.go:3438.86,3440.4 1 0
github.com/user/library-api/internal/graphql/generated.go:3445.140,3451.97 1 0
github.com/user/library-api/internal/graphql/generated.go:3451.97,3453.4 1 0
github.com/user/library-api/internal/graphql/generated.go:3455.2,3455.16 1 0
github.com/user/library-api/internal/graphql/generated.go:3458.118,3463.90 1 0
github.com/user/library-api/internal/graphql/generated.go:3463.90,3465.4 1 0
github.com/user/library-api/internal/graphql/generated.go:3466.42,3469.4 2 0
github.com/user/library-api/internal/graphql/generated.go:3471.99,3473.4 1 0
github.com/user/library-api/internal/graphql/generated.go:3478.144,3484.97 1 0
github.com/user/library-api/internal/graphql/generated.go:3484.97,3486.4 1 0
github.com/user/library-api/internal/graphql/generated.go:3488.2,3488.15 1 0
github.com/user/library-api/internal/graphql/generated.go:3488.15,3489.31 1 0
github.com/user/library-api/internal/graphql/generated.go:3489.31,3492.4 2 0
github.com/user/library-api/internal/graphql/generated.go:3494.2,3495.97 2 0
github.com/user/library-api/internal/graphql/generated.go:3495.97,3498.3 2 0
github.com/user/library-api/internal/graphql/generated.go:3499.2,3499.16 1 0
github.com/user/library-api/internal/graphql/generated.go:3502.120,3507.90 1 0
github.com/user/library-api/internal/graphql/generated.go:3507.90,3509.4 1 0
github.com/user/library-api/internal/graphql/generated.go:3510.42,3512.4 1 0
github.com/user/library-api/internal/graphql/generated.go:3514.101,3516.4 1 0
github.com/user/library-api/internal/graphql/generated.go:3521.144,3527.97 1 0
github.com/user/library-api/internal/graphql/generated.go:3527.97,3529.4 1 0
github.com/user/library-api/internal/graphql/generated.go:3531.2,3531.16 1 0
github.com/user/library-api/internal/graphql/generated.go:3534.138,3539.90 1 0
github.com/user/library-api/internal/graphql/generated.go:3539.90,3541.4 1 0
github.com/user/library-api/internal/graphql/generated.go:3542.42,3544.4 1 0
github.com/user/library-api/internal/graphql/generated.go:3546.85,3548.4 1 0
github.com/user/library-api/internal/graphql/generated.go:3553.145,3559.97 1 0
github.com/user/library-api/internal/graphql/generated.go:3559.97,3561.4 1 0
github.com/user/library-api/internal/graphql/generated.go:3563.2,3563.16 1 0
github.com/user/library-api/internal/graphql/generated.go:3566.142,3571.90 1 0
github.com/user/library-api/internal/graphql/generated.go:3571.90,3573.4 1 0
github.com/user/library-api/internal/graphql/generated.go:3574.42,3576.4 1 0
github.com/user/library-api/internal/graphql/generated.go:3578.93,3580.4 1 0
github.com/user/library-api/internal/graphql/generated.go:3585.149,3591.97 1 0
github.com/user/library-api/internal/graphql/generated.go:3591.97,3593.4 1 0
github.com/user/library-api/internal/graphql/generated.go:3595.2,3595.16 1 0
github.com/user/library-api/internal/graphql/generated.go:3598.147,3603.90 1 0
github.com/user/library-api/internal/graphql/generated.go:3603.90,3605.4 1 0
github.com/user/library-api/internal/graphql/generated.go:3606.42,3608.4 1 0
github.com/user/library-api/internal/graphql/generated.go:3610.85,3612.4 1 0
github.com/user/library-api/internal/graphql/generated.go:3617.154,3619.2 1 0
github.com/user/library-api/internal/graphql/generated.go:3621.128,3626.90 1 0
github.com/user/library-api/internal/graphql/generated.go:3626.90,3628.4 1 0
github.com/user/library-api/internal/graphql/generated.go:3629.42,3631.4 1 0
github.com/user/library-api/internal/graphql/generated.go:3633.83,3635.4 1 0
github.com/user/library-api/internal/graphql/generated.go:3640.139,3642.2 1 0
github.com/user/library-api/internal/graphql/generated.go:3644.130,3649.90 1 0
github.com/user/library-api/internal/graphql/generated.go:3649.90,3651.4 1 0
github.com/user/library-api/internal/graphql/generated.go:3652.42,3654.4 1 0
github.com/user/library-api/internal/graphql/generated.go:3656.86,3658.4 1 0
github.com/user/library-api/internal/graphql/generated.go:3663.141,3665.2 1 0
github.com/user/library-api/internal/graphql/generated.go:3667.137,3672.90 1 0
github.com/user/library-api/internal/graphql/generated.go:3672.90,3674.4 1 0
github.com/user/library-api/internal/graphql/generated.go:3675.42,3677.4 1 0
github.com/user/library-api/internal/graphql/generated.go:3679.87,3681.4 1 0
github.com/user/library-api/internal/graphql/generated.go:3686.148,3688.2 1 0
github.com/user/library-api/internal/graphql/generated.go:3690.131,3695.90 1 0
github.com/user/library-api/internal/graphql/generated.go:3695.90,3697.4 1 0
github.com/user/library-api/internal/graphql/generated.go:3698.42,3700.4 1 0
github.com/user/library-api/internal/graphql/generated.go:3702.93,3704.4 1 0
github.com/user/library-api/internal/graphql/generated.go:3709.142,3715.97 1 0
github.com/user/library-api/internal/graphql/generated.go:3715.97,3717.4 1 0
github.com/user/library-api/internal/graphql/generated.go:3719.2,3719.16 1 0
github.com/user/library-api/internal/graphql/generated.go:3722.138,3727.90 1 0
github.com/user/library-api/internal/graphql/generated.go:3727.90,3729.4 1 0
github.com/user/library-api/internal/graphql/generated.go:3730.42,3732.4 1 0
github.com/user/library-api/internal/graphql/generated.go:3734.87,3736.4 1 0
github.com/user/library-api/internal/graphql/generated.go:3741.149,3747.97 1 0
github.com/user/library-api/internal/graphql/generated.go:3747.97,3749.4 1 0
github.com/user/library-api/internal/graphql/generated.go:3751.2,3751.16 1 0
github.com/user/library-api/internal/graphql/generated.go:3754.138,3759.90 1 0
github.com/user/library-api/internal/graphql/generated.go:3759.90,3761.4 1 0
github.com/user/library-api/internal/graphql/generated.go:3762.42,3764.4 1 0
github.com/user/library-api/internal/graphql/generated.go:3766.85,3768.4 1 0
github.com/user/library-api/internal/graphql/generated.go:3773.145,3779.97 1 0
github.com/user/library-api/internal/graphql/generated.go:3779.97,3781.4 1 0
github.com/user/library-api/internal/graphql/generated.go:3783.2,3783.16 1 0
github.com/user/library-api/internal/graphql/generated.go:3786.140,3791.90 1 0
github.com/user/library-api/internal/graphql/generated.go:3791.90,3793.4 1 0
github.com/user/library-api/internal/graphql/generated.go:3794.42,3796.4 1 0
github.com/user/library-api/internal/graphql/generated.go:3798.87,3800.4 1 0
github.com/user/library-api/internal/graphql/generated.go:3805.147,3811.97 1 0
github.com/user/library-api/internal/graphql/generated.go:3811.97,3813.4 1 0
github.com/user/library-api/internal/graphql/generated.go:3815.2,3815.16 1 0
github.com/user/library-api/internal/graphql/generated.go:3818.142,3823.90 1 0
github.com/user/library-api/internal/graphql/generated.go:3823.90,3825.4 1 0
github.com/user/library-api/internal/graphql/generated.go:3826.42,3828.4 1 0
github.com/user/library-api/internal/graphql/generated.go:3830.83,3832.4 1 0
github.com/user/library-api/internal/graphql/generated.go:3837.149,3839.2 1 0
github.com/user/library-api/internal/graphql/generated.go:3841.122,3846.90 1 0
github.com/user/library-api/internal/graphql/generated.go:3846.90,3848.4 1 0
github.com/user/library-api/internal/graphql/generated.go:3849.42,3851.4 1 0
github.com/user/library-api/internal/graphql/generated.go:3853.83,3855.4 1 0
github.com/user/library-api/internal/graphql/generated.go:3860.136,3862.2 1 0
github.com/user/library-api/internal/graphql/generated.go:3864.124,3869.90 1 0
github.com/user/library-api/internal/graphql/generated.go:3869.90,3871.4 1 0
github.com/user/library-api/internal/graphql/generated.go:3872.42,3874.4 1 0
github.com/user/library-api/internal/graphql/generated.go:3876.86,3878.4 1 0
github.com/user/library-api/internal/graphql/generated.go:3883.138,3885.2 1 0
github.com/user/library-api/internal/graphql/generated.go:3887.152,3892.90 1 0
github.com/user/library-api/internal/graphql/generated.go:3892.90,3894.4 1 0
github.com/user/library-api/internal/graphql/generated.go:3895.42,3897.4 1 0
github.com/user/library-api/internal/graphql/generated.go:3899.86,3901.4 1 0
github.com/user/library-api/internal/graphql/generated.go:3906.146,3908.2 1 0
github.com/user/library-api/internal/graphql/generated.go:3910.159,3915.90 1 0
github.com/user/library-api/internal/graphql/generated.go:3915.90,3917.4 1 0
github.com/user/library-api/internal/graphql/generated.go:3918.42,3920.4 1 0
github.com/user/library-api/internal/graphql/generated.go:3922.87,3924.4 1 0
github.com/user/library-api/internal/graphql/generated.go:3929.153,3931.2 1 0
github.com/user/library-api/internal/graphql/generated.go:3933.160,3938.90 1 0
github.com/user/library-api/internal/graphql/generated.go:3938.90,3940.4 1 0
github.com/user/library-api/internal/graphql/generated.go:3941.42,3943.4 1 0
github.com/user/library-api/internal/graphql/generated.go:3945.84,3947.4 1 0
github.com/user/library-api/internal/graphql/generated.go:3952.154,3954.2 1 0
github.com/user/library-api/internal/graphql/generated.go:3956.157,3961.90 1 0
github.com/user/library-api/internal/graphql/generated.go:3961.90,3963.4 1 0
github.com/user/library-api/internal/graphql/generated.go:3964.42,3966.4 1 0
github.com/user/library-api/internal/graphql/generated.go:3968.88,3970.4 1 0
github.com/user/library-api/internal/graphql/generated.go:3975.151,3977.2 1 0
github.com/user/library-api/internal/graphql/generated.go:3979.152,3984.90 1 0
github.com/user/library-api/internal/graphql/generated.go:3984.90,3986.4 1 0
github.com/user/library-api/internal/graphql/generated.go:3987.42,3989.4 1 0
github.com/user/library-api/internal/graphql/generated.go:3991.106,3993.4 1 0
github.com/user/library-api/internal/graphql/generated.go:3998.148,4004.97 1 0
github.com/user/library-api/internal/graphql/generated.go:4004.97,4006.4 1 0
github.com/user/library-api/internal/graphql/generated.go:4008.2,4008.15 1 0
github.com/user/library-api/internal/graphql/generated.go:4008.15,4009.31 1 0
github.com/user/library-api/internal/graphql/generated.go:4009.31,4012.4 2 0
github.com/user/library-api/internal/graphql/generated.go:4014.2,4015.101 2 0
github.com/user/library-api/internal/graphql/generated.go:4015.101,4018.3 2 0
github.com/user/library-api/internal/graphql/generated.go:4019.2,4019.16 1 0
github.com/user/library-api/internal/graphql/generated.go:4022.152,4027.90 1 0
github.com/user/library-api/internal/graphql/generated.go:4027.90,4029.4 1 0
github.com/user/library-api/internal/graphql/generated.go:4030.42,4032.4 1 0
github.com/user/library-api/internal/graphql/generated.go:4034.86,4036.4 1 0
github.com/user/library-api/internal/graphql/generated.go:4041.146,4043.2 1 0
github.com/user/library-api/internal/graphql/generated.go:4045.159,4050.90 1 0
github.com/user/library-api/internal/graphql/generated.go:4050.90,4052.4 1 0
github.com/user/library-api/internal/graphql/generated.go:4053.42,4055.4 1 0
github.com/user/library-api/internal/graphql/generated.go:4057.87,4059.4 1 0
github.com/user/library-api/internal/graphql/generated.go:4064.153,4066.2 1 0
github.com/user/library-api/internal/graphql/generated.go:4068.160,4073.90 1 0
github.com/user/library-api/internal/graphql/generated.go:4073.90,4075.4 1 0
github.com/user/library-api/internal/graphql/generated.go:4076.42,4078.4 1 0
github.com/user/library-api/internal/graphql/generated.go:4080.84,4082.4 1 0
github.com/user/library-api/internal/graphql/generated.go:4087.154,4089.2 1 0
github.com/user/library-api/internal/graphql/generated.go:4091.165,4096.90 1 0
github.com/user/library-api/internal/graphql/generated.go:4096.90,4098.4 1 0
github.com/user/library-api/internal/graphql/generated.go:4099.42,4101.4 1 0
github.com/user/library-api/internal/graphql/generated.go:4103.87,4105.4 1 0
github.com/user/library-api/internal/graphql/generated.go:4110.159,4112.2 1 0
github.com/user/library-api/internal/graphql/generated.go:4114.144,4119.90 1 0
github.com/user/library-api/internal/graphql/generated.go:4119.90,4121.4 1 0
github.com/user/library-api/internal/graphql/generated.go:4122.42,4124.4 1 0
github.com/user/library-api/internal/graphql/generated.go:4126.86,4128.4 1 0
github.com/user/library-api/internal/graphql/generated.go:4133.142,4135.2 1 0
github.com/user/library-api/internal/graphql/generated.go:4137.151,4142.90 1 0
github.com/user/library-api/internal/graphql/generated.go:4142.90,4144.4 1 0
github.com/user/library-api/internal/graphql/generated.go:4145.42,4147.4 1 0
github.com/user/library-api/internal/graphql/generated.go:4149.87,4151.4 1 0
github.com/user/library-api/internal/graphql/generated.go:4156.149,4158.2 1 0
github.com/user/library-api/internal/graphql/generated.go:4160.144,4165.90 1 0
github.com/user/library-api/internal/graphql/generated.go:4165.90,4167.4 1 0
github.com/user/library-api/internal/graphql/generated.go:4168.42,4170.4 1 0
github.com/user/library-api/internal/graphql/generated.go:4172.106,4174.4 1 0
github.com/user/library-api/internal/graphql/generated.go:4179.144,4185.97 1 0
github.com/user/library-api/internal/graphql/generated.go:4185.97,4187.4 1 0
github.com/user/library-api/internal/graphql/generated.go:4189.2,4189.15 1 0
github.com/user/library-api/internal/graphql/generated.go:4189.15,4190.31 1 0
github.com/user/library-api/internal/graphql/generated.go:4190.31,4193.4 2 0
github.com/user/library-api/internal/graphql/generated.go:4195.2,4196.97 2 0
github.com/user/library-api/internal/graphql/generated.go:4196.97,4199.3 2 0
github.com/user/library-api/internal/graphql/generated.go:4200.2,4200.16 1 0
github.com/user/library-api/internal/graphql/generated.go:4203.144,4208.90 1 0
github.com/user/library-api/internal/graphql/generated.go:4208.90,4210.4 1 0
github.com/user/library-api/internal/graphql/generated.go:4211.42,4213.4 1 0
github.com/user/library-api/internal/graphql/generated.go:4215.99,4217.4 1 0
github.com/user/library-api/internal/graphql/generated.go:4222.142,4228.97 1 0
github.com/user/library-api/internal/graphql/generated.go:4228.97,4230.4 1 0
github.com/user/library-api/internal/graphql/generated.go:4232.2,4232.16 1 0
github.com/user/library-api/internal/graphql/generated.go:4235.152,4240.90 1 0
github.com/user/library-api/internal/graphql/generated.go:4240.90,4242.4 1 0
github.com/user/library-api/internal/graphql/generated.go:4243.42,4245.4 1 0
github.com/user/library-api/internal/graphql/generated.go:4247.84,4249.4 1 0
github.com/user/library-api/internal/graphql/generated.go:4254.150,4256.2 1 0
github.com/user/library-api/internal/graphql/generated.go:4258.157,4263.90 1 0
github.com/user/library-api/internal/graphql/generated.go:4263.90,4265.4 1 0
github.com/user/library-api/internal/graphql/generated.go:4266.42,4268.4 1 0
github.com/user/library-api/internal/graphql/generated.go:4270.87,4272.4 1 0
github.com/user/library-api/internal/graphql/generated.go:4277.155,4279.2 1 0
github.com/user/library-api/internal/graphql/generated.go:4281.154,4286.90 1 0
github.com/user/library-api/internal/graphql/generated.go:4286.90,4288.4 1 0
github.com/user/library-api/internal/graphql/generated.go:4289.42,4291.4 1 0
github.com/user/library-api/internal/graphql/generated.go:4293.86,4295.4 1 0
github.com/user/library-api/internal/graphql/generated.go:4300.147,4302.2 1 0
github.com/user/library-api/internal/graphql/generated.go:4304.161,4309.90 1 0
github.com/user/library-api/internal/graphql/generated.go:4309.90,4311.4 1 0
github.com/user/library-api/internal/graphql/generated.go:4312.42,4314.4 1 0
github.com/user/library-api/internal/graphql/generated.go:4316.87,4318.4 1 0
github.com/user/library-api/internal/graphql/generated.go:4323.154,4325.2 1 0
github.com/user/library-api/internal/graphql/generated.go:4327.154,4332.90 1 0
github.com/user/library-api/internal/graphql/generated.go:4332.90,4334.4 1 0
github.com/user/library-api/internal/graphql/generated.go:4335.42,4337.4 1 0
github.com/user/library-api/internal/graphql/generated.go:4339.99,4341.4 1 0
github.com/user/library-api/internal/graphql/generated.go:4346.147,4352.97 1 0
github.com/user/library-api/internal/graphql/generated.go:4352.97,4354.4 1 0
github.com/user/library-api/internal/graphql/generated.go:4356.2,4356.16 1 0
github.com/user/library-api/internal/graphql/generated.go:4359.162,4364.90 1 0
github.com/user/library-api/internal/graphql/generated.go:4364.90,4366.4 1 0
github.com/user/library-api/internal/graphql/generated.go:4367.42,4369.4 1 0
github.com/user/library-api/internal/graphql/generated.go:4371.87,4373.4 1 0
github.com/user/library-api/internal/graphql/generated.go:4378.155,4380.2 1 0
github.com/user/library-api/internal/graphql/generated.go:4382.162,4387.90 1 0
github.com/user/library-api/internal/graphql/generated.go:4387.90,4389.4 1 0
github.com/user/library-api/internal/graphql/generated.go:4390.42,4392.4 1 0
github.com/user/library-api/internal/graphql/generated.go:4394.84,4396.4 1 0
github.com/user/library-api/internal/graphql/generated.go:4401.155,4403.2 1 0
github.com/user/library-api/internal/graphql/generated.go:4405.167,4410.90 1 0
github.com/user/library-api/internal/graphql/generated.go:4410.90,4412.4 1 0
github.com/user/library-api/internal/graphql/generated.go:4413.42,4415.4 1 0
github.com/user/library-api/internal/graphql/generated.go:4417.87,4419.4 1 0
github.com/user/library-api/internal/graphql/generated.go:4424.160,4426.2 1 0
github.com/user/library-api/internal/graphql/generated.go:4428.153,4433.90 1 0
github.com/user/library-api/internal/graphql/generated.go:4433.90,4435.4 1 0
github.com/user/library-api/internal/graphql/generated.go:4436.42,4438.4 1 0
github.com/user/library-api/internal/graphql/generated.go:4440.87,4442.4 1 0
github.com/user/library-api/internal/graphql/generated.go:4447.150,4449.2 1 0
github.com/user/library-api/internal/graphql/generated.go:4451.147,4456.90 1 0
github.com/user/library-api/internal/graphql/generated.go:4456.90,4458.4 1 0
github.com/user/library-api/internal/graphql/generated.go:4459.42,4461.4 1 0
github.com/user/library-api/internal/graphql/generated.go:4463.100,4465.4 1 0
github.com/user/library-api/internal/graphql/generated.go:4470.144,4476.97 1 0
github.com/user/library-api/internal/graphql/generated.go:4476.97,4478.4 1 0
github.com/user/library-api/internal/graphql/generated.go:4480.2,4480.16 1 0
github.com/user/library-api/internal/graphql/generated.go:4483.151,4488.90 1 0
github.com/user/library-api/internal/graphql/generated.go:4488.90,4490.4 1 0
github.com/user/library-api/internal/graphql/generated.go:4491.42,4493.4 1 0
github.com/user/library-api/internal/graphql/generated.go:4495.99,4497.4 1 0
github.com/user/library-api/internal/graphql/generated.go:4502.148,4508.97 1 0
github.com/user/library-api/internal/graphql/generated.go:4508.97,4510.4 1 0
github.com/user/library-api/internal/graphql/generated.go:4512.2,4512.16 1 0
github.com/user/library-api/internal/graphql/generated.go:4515.154,4520.90 1 0
github.com/user/library-api/internal/graphql/generated.go:4520.90,4522.4 1 0
github.com/user/library-api/internal/graphql/generated.go:4523.42,4525.4 1 0
github.com/user/library-api/internal/graphql/generated.go:4527.99,4529.4 1 0
github.com/user/library-api/internal/graphql/generated.go:4534.151,4540.97 1 0
github.com/user/library-api/internal/graphql/generated.go:4540.97,4542.4 1 0
github.com/user/library-api/internal/graphql/generated.go:4544.2,4544.16 1 0
github.com/user/library-api/internal/graphql/generated.go:4547.158,4552.90 1 0
github.com/user/library-api/internal/graphql/generated.go:4552.90,4554.4 1 0
github.com/user/library-api/internal/graphql/generated.go:4555.42,4557.4 1 0
github.com/user/library-api/internal/graphql/generated.go:4559.99,4561.4 1 0
github.com/user/library-api/internal/graphql/generated.go:4566.155,4572.97 1 0
github.com/user/library-api/internal/graphql/generated.go:4572.97,4574.4 1 0
github.com/user/library-api/internal/graphql/generated.go:4576.2,4576.16 1 0
github.com/user/library-api/internal/graphql/generated.go:4579.152,4584.90 1 0
github.com/user/library-api/internal/graphql/generated.go:4584.90,4586.4 1 0
github.com/user/library-api/internal/graphql/generated.go:4587.42,4589.4 1 0
github.com/user/library-api/internal/graphql/generated.go:4591.105,4593.4 1 0
github.com/user/library-api/internal/graphql/generated.go:4598.149,4604.97 1 0
github.com/user/library-api/internal/graphql/generated.go:4604.97,4606.4 1 0
github.com/user/library-api/internal/graphql/generated.go:4608.2,4608.16 1 0
github.com/user/library-api/internal/graphql/generated.go:4611.142,4616.90 1 0
github.com/user/library-api/internal/graphql/generated.go:4616.90,4618.4 1 0
github.com/user/library-api/internal/graphql/generated.go:4619.42,4621.4 1 0
github.com/user/library-api/internal/graphql/generated.go:4623.86,4625.4 1 0
github.com/user/library-api/internal/graphql/generated.go:4630.141,4632.2 1 0
github.com/user/library-api/internal/graphql/generated.go:4634.142,4639.90 1 0
github.com/user/library-api/internal/graphql/generated.go:4639.90,4641.4 1 0
github.com/user/library-api/internal/graphql/generated.go:4642.42,4644.4 1 0
github.com/user/library-api/internal/graphql/generated.go:4646.87,4648.4 1 0
github.com/user/library-api/internal/graphql/generated.go:4653.141,4655.2 1 0
github.com/user/library-api/internal/graphql/generated.go:4657.149,4662.90 1 0
github.com/user/library-api/internal/graphql/generated.go:4662.90,4664.4 1 0
github.com/user/library-api/internal/graphql/generated.go:4665.42,4667.4 1 0
github.com/user/library-api/internal/graphql/generated.go:4669.87,4671.4 1 0
github.com/user/library-api/internal/graphql/generated.go:4676.148,4678.2 1 0
github.com/user/library-api/internal/graphql/generated.go:4680.152,4685.90 1 0
github.com/user/library-api/internal/graphql/generated.go:4685.90,4687.4 1 0
github.com/user/library-api/internal/graphql/generated.go:4688.42,4690.4 1 0
github.com/user/library-api/internal/graphql/generated.go:4692.87,4694.4 1 0
github.com/user/library-api/internal/graphql/generated.go:4699.151,4701.2 1 0
github.com/user/library-api/internal/graphql/generated.go:4703.144,4708.90 1 0
github.com/user/library-api/internal/graphql/generated.go:4708.90,4710.4 1 0
github.com/user/library-api/internal/graphql/generated.go:4711.42,4714.4 2 0
github.com/user/library-api/internal/graphql/generated.go:4716.101,4718.4 1 0
github.com/user/library-api/internal/graphql/generated.go:4723.145,4729.97 1 0
github.com/user/library-api/internal/graphql/generated.go:4729.97,4731.4 1 0
github.com/user/library-api/internal/graphql/generated.go:4733.2,4733.15 1 0
github.com/user/library-api/internal/graphql/generated.go:4733.15,4734.31 1 0
github.com/user/library-api/internal/graphql/generated.go:4734.31,4737.4 2 0
github.com/user/library-api/internal/graphql/generated.go:4739.2,4740.98 2 0
github.com/user/library-api/internal/graphql/generated.go:4740.98,4743.3 2 0
github.com/user/library-api/internal/graphql/generated.go:4744.2,4744.16 1 0
github.com/user/library-api/internal/graphql/generated.go:4747.148,4752.90 1 0
github.com/user/library-api/internal/graphql/generated.go:4752.90,4754.4 1 0
github.com/user/library-api/internal/graphql/generated.go:4755.42,4757.4 1 0
github.com/user/library-api/internal/graphql/generated.go:4759.100,4761.4 1 0
github.com/user/library-api/internal/graphql/generated.go:4766.147,4772.97 1 0
github.com/user/library-api/internal/graphql/generated.go:4772.97,4774.4 1 0
github.com/user/library-api/internal/graphql/generated.go:4776.2,4776.16 1 0
github.com/user/library-api/internal/graphql/generated.go:4779.151,4784.90 1 0
github.com/user/library-api/internal/graphql/generated.go:4784.90,4786.4 1 0
github.com/user/library-api/internal/graphql/generated.go:4787.42,4789.4 1 0
github.com/user/library-api/internal/graphql/generated.go:4791.100,4793.4 1 0
github.com/user/library-api/internal/graphql/generated.go:4798.150,4804.97 1 0
github.com/user/library-api/internal/graphql/generated.go:4804.97,4806.4 1 0
github.com/user/library-api/internal/graphql/generated.go:4808.2,4808.16 1 0
github.com/user/library-api/internal/graphql/generated.go:4811.148,4816.90 1 0
github.com/user/library-api/internal/graphql/generated.go:4816.90,4818.4 1 0
github.com/user/library-api/internal/graphql/generated.go:4819.42,4822.4 2 0
github.com/user/library-api/internal/graphql/generated.go:4824.105,4826.4 1 0
github.com/user/library-api/internal/graphql/generated.go:4831.149,4837.97 1 0
github.com/user/library-api/internal/graphql/generated.go:4837.97,4839.4 1 0
github.com/user/library-api/internal/graphql/generated.go:4841.2,4841.15 1 0
github.com/user/library-api/internal/graphql/generated.go:4841.15,4842.31 1 0
github.com/user/library-api/internal/graphql/generated.go:4842.31,4845.4 2 0
github.com/user/library-api/internal/graphql/generated.go:4847.2,4848.102 2 0
github.com/user/library-api/internal/graphql/generated.go:4848.102,4851.3 2 0
github.com/user/library-api/internal/graphql/generated.go:4852.2,4852.16 1 0
github.com/user/library-api/internal/graphql/generated.go:4855.149,4860.90 1 0
github.com/user/library-api/internal/graphql/generated.go:4860.90,4862.4 1 0
github.com/user/library-api/internal/graphql/generated.go:4863.42,4865.4 1 0
github.com/user/library-api/internal/graphql/generated.go:4867.106,4869.4 1 0
github.com/user/library-api/internal/graphql/generated.go:4874.148,4880.97 1 0
github.com/user/library-api/internal/graphql/generated.go:4880.97,4882.4 1 0
github.com/user/library-api/internal/graphql/generated.go:4884.2,4884.16 1 0
github.com/user/library-api/internal/graphql/generated.go:4887.144,4892.90 1 0
github.com/user/library-api/internal/graphql/generated.go:4892.90,4894.4 1 0
github.com/user/library-api/internal/graphql/generated.go:4895.42,4897.4 1 0
github.com/user/library-api/internal/graphql/generated.go:4899.99,4901.4 1 0
github.com/user/library-api/internal/graphql/generated.go:4906.143,4912.97 1 0
github.com/user/library-api/internal/graphql/generated.go:4912.97,4914.4 1 0
github.com/user/library-api/internal/graphql/generated.go:4916.2,4916.16 1 0
github.com/user/library-api/internal/graphql/generated.go:4919.145,4924.90 1 0
github.com/user/library-api/internal/graphql/generated.go:4924.90,4926.4 1 0
github.com/user/library-api/internal/graphql/generated.go:4927.42,4929.4 1 0
github.com/user/library-api/internal/graphql/generated.go:4931.84,4933.4 1 0
github.com/user/library-api/internal/graphql/generated.go:4938.144,4940.2 1 0
github.com/user/library-api/internal/graphql/generated.go:4946.118,4948.16 2 0
github.com/user/library-api/internal/graphql/generated.go:4948.16,4950.3 1 0
github.com/user/library-api/internal/graphql/generated.go:4952.2,4953.41 2 0
github.com/user/library-api/internal/graphql/generated.go:4953.41,4955.3 1 0
github.com/user/library-api/internal/graphql/generated.go:4957.2,4958.34 2 0
github.com/user/library-api/internal/graphql/generated.go:4958.34,4960.10 2 0
github.com/user/library-api/internal/graphql/generated.go:4960.10,4961.12 1 0
github.com/user/library-api/internal/graphql/generated.go:4963.3,4963.12 1 0
github.com/user/library-api/internal/graphql/generated.go:4964.15,4967.18 3 0
github.com/user/library-api/internal/graphql/generated.go:4967.18,4969.5 1 0
github.com/user/library-api/internal/graphql/generated.go:4970.4,4970.18 1 0
github.com/user/library-api/internal/graphql/generated.go:4971.14,4974.18 3 0
github.com/user/library-api/internal/graphql/generated.go:4974.18,4976.5 1 0
github.com/user/library-api/internal/graphql/generated.go:4977.4,4977.17 1 0
github.com/user/library-api/internal/graphql/generated.go:4980.2,4980.16 1 0
github.com/user/library-api/internal/graphql/generated.go:4983.114,4985.16 2 0
github.com/user/library-api/internal/graphql/generated.go:4985.16,4987.3 1 0
github.com/user/library-api/internal/graphql/generated.go:4989.2,4990.41 2 0
github.com/user/library-api/internal/graphql/generated.go:4990.41,4992.3 1 0
github.com/user/library-api/internal/graphql/generated.go:4994.2,4995.34 2 0
github.com/user/library-api/internal/graphql/generated.go:4995.34,4997.10 2 0
github.com/user/library-api/internal/graphql/generated.go:4997.10,4998.12 1 0
github.com/user/library-api/internal/graphql/generated.go:5000.3,5000.12 1 0
github.com/user/library-api/internal/graphql/generated.go:5001.16,5004.18 3 0
github.com/user/library-api/internal/graphql/generated.go:5004.18,5006.5 1 0
github.com/user/library-api/internal/graphql/generated.go:5007.4,5007.19 1 0
github.com/user/library-api/internal/graphql/generated.go:5008.19,5011.18 3 0
github.com/user/library-api/internal/graphql/generated.go:5011.18,5013.5 1 0
github.com/user/library-api/internal/graphql/generated.go:5014.4,5014.22 1 0
github.com/user/library-api/internal/graphql/generated.go:5015.15,5018.18 3 0
github.com/user/library-api/internal/graphql/generated.go:5018.18,5020.5 1 0
github.com/user/library-api/internal/graphql/generated.go:5021.4,5021.18 1 0
github.com/user/library-api/internal/graphql/generated.go:5022.17,5025.18 3 0
github.com/user/library-api/internal/graphql/generated.go:5025.18,5027.5 1 0
github.com/user/library-api/internal/graphql/generated.go:5028.4,5028.20 1 0
github.com/user/library-api/internal/graphql/generated.go:5029.24,5032.18 3 0
github.com/user/library-api/internal/graphql/generated.go:5032.18,5034.5 1 0
github.com/user/library-api/internal/graphql/generated.go:5035.4,5035.27 1 0
github.com/user/library-api/internal/graphql/generated.go:5036.20,5039.18 3 0
github.com/user/library-api/internal/graphql/generated.go:5039.18,5041.5 1 0
github.com/user/library-api/internal/graphql/generated.go:5042.4,5042.23 1 0
github.com/user/library-api/internal/graphql/generated.go:5043.22,5046.18 3 0
github.com/user/library-api/internal/graphql/generated.go:5046.18,5048.5 1 0
github.com/user/library-api/internal/graphql/generated.go:5049.4,5049.25 1 0
github.com/user/library-api/internal/graphql/generated.go:5050.16,5053.18 3 0
github.com/user/library-api/internal/graphql/generated.go:5053.18,5055.5 1 0
github.com/user/library-api/internal/graphql/generated.go:5056.4,5056.19 1 0
github.com/user/library-api/internal/graphql/generated.go:5059.2,5059.16 1 0
github.com/user/library-api/internal/graphql/generated.go:5062.118,5064.16 2 0
github.com/user/library-api/internal/graphql/generated.go:5064.16,5066.3 1 0
github.com/user/library-api/internal/graphql/generated.go:5068.2,5069.41 2 0
github.com/user/library-api/internal/graphql/generated.go:5069.41,5071.3 1 0
github.com/user/library-api/internal/graphql/generated.go:5073.2,5074.34 2 0
github.com/user/library-api/internal/graphql/generated.go:5074.34,5076.10 2 0
github.com/user/library-api/internal/graphql/generated.go:5076.10,5077.12 1 0
github.com/user/library-api/internal/graphql/generated.go:5079.3,5079.12 1 0
github.com/user/library-api/internal/graphql/generated.go:5080.15,5083.18 3 0
github.com/user/library-api/internal/graphql/generated.go:5083.18,5085.5 1 0
github.com/user/library-api/internal/graphql/generated.go:5086.4,5086.18 1 0
github.com/user/library-api/internal/graphql/generated.go:5087.22,5090.18 3 0
github.com/user/library-api/internal/graphql/generated.go:5090.18,5092.5 1 0
github.com/user/library-api/internal/graphql/generated.go:5093.4,5093.25 1 0
github.com/user/library-api/internal/graphql/generated.go:5096.2,5096.16 1 0
github.com/user/library-api/internal/graphql/generated.go:5099.118,5101.16 2 0
github.com/user/library-api/internal/graphql/generated.go:5101.16,5103.3 1 0
github.com/user/library-api/internal/graphql/generated.go:5105.2,5106.41 2 0
github.com/user/library-api/internal/graphql/generated.go:5106.41,5108.3 1 0
github.com/user/library-api/internal/graphql/generated.go:5110.2,5111.34 2 0
github.com/user/library-api/internal/graphql/generated.go:5111.34,5113.10 2 0
github.com/user/library-api/internal/graphql/generated.go:5113.10,5114.12 1 0
github.com/user/library-api/internal/graphql/generated.go:5116.3,5116.12 1 0
github.com/user/library-api/internal/graphql/generated.go:5117.15,5120.18 3 0
github.com/user/library-api/internal/graphql/generated.go:5120.18,5122.5 1 0
github.com/user/library-api/internal/graphql/generated.go:5123.4,5123.18 1 0
github.com/user/library-api/internal/graphql/generated.go:5124.14,5127.18 3 0
github.com/user/library-api/internal/graphql/generated.go:5127.18,5129.5 1 0
github.com/user/library-api/internal/graphql/generated.go:5130.4,5130.17 1 0
github.com/user/library-api/internal/graphql/generated.go:5133.2,5133.16 1 0
github.com/user/library-api/internal/graphql/generated.go:5136.114,5138.16 2 0
github.com/user/library-api/internal/graphql/generated.go:5138.16,5140.3 1 0
github.com/user/library-api/internal/graphql/generated.go:5142.2,5143.41 2 0
github.com/user/library-api/internal/graphql/generated.go:5143.41,5145.3 1 0
github.com/user/library-api/internal/graphql/generated.go:5147.2,5148.34 2 0
github.com/user/library-api/internal/graphql/generated.go:5148.34,5150.10 2 0
github.com/user/library-api/internal/graphql/generated.go:5150.10,5151.12 1 0
github.com/user/library-api/internal/graphql/generated.go:5153.3,5153.12 1 0
github.com/user/library-api/internal/graphql/generated.go:5154.16,5157.18 3 0
github.com/user/library-api/internal/graphql/generated.go:5157.18,5159.5 1 0
github.com/user/library-api/internal/graphql/generated.go:5160.4,5160.19 1 0
github.com/user/library-api/internal/graphql/generated.go:5161.15,5164.18 3 0
github.com/user/library-api/internal/graphql/generated.go:5164.18,5166.5 1 0
github.com/user/library-api/internal/graphql/generated.go:5167.4,5167.18 1 0
github.com/user/library-api/internal/graphql/generated.go:5168.17,5171.18 3 0
github.com/user/library-api/internal/graphql/generated.go:5171.18,5173.5 1 0
github.com/user/library-api/internal/graphql/generated.go:5174.4,5174.20 1 0
github.com/user/library-api/internal/graphql/generated.go:5175.24,5178.18 3 0
github.com/user/library-api/internal/graphql/generated.go:5178.18,5180.5 1 0
github.com/user/library-api/internal/graphql/generated.go:5181.4,5181.27 1 0
github.com/user/library-api/internal/graphql/generated.go:5182.20,5185.18 3 0
github.com/user/library-api/internal/graphql/generated.go:5185.18,5187.5 1 0
github.com/user/library-api/internal/graphql/generated.go:5188.4,5188.23 1 0
github.com/user/library-api/internal/graphql/generated.go:5189.22,5192.18 3 0
github.com/user/library-api/internal/graphql/generated.go:5192.18,5194.5 1 0
github.com/user/library-api/internal/graphql/generated.go:5195.4,5195.25 1 0
github.com/user/library-api/internal/graphql/generated.go:5198.2,5198.16 1 0
github.com/user/library-api/internal/graphql/generated.go:5201.118,5203.16 2 0
github.com/user/library-api/internal/graphql/generated.go:5203.16,5205.3 1 0
github.com/user/library-api/internal/graphql/generated.go:5207.2,5208.41 2 0
github.com/user/library-api/internal/graphql/generated.go:5208.41,5210.3 1 0
github.com/user/library-api/internal/graphql/generated.go:5212.2,5213.34 2 0
github.com/user/library-api/internal/graphql/generated.go:5213.34,5215.10 2 0
github.com/user/library-api/internal/graphql/generated.go:5215.10,5216.12 1 0
github.com/user/library-api/internal/graphql/generated.go:5218.3,5218.12 1 0
github.com/user/library-api/internal/graphql/generated.go:5219.15,5222.18 3 0
github.com/user/library-api/internal/graphql/generated.go:5222.18,5224.5 1 0
github.com/user/library-api/internal/graphql/generated.go:5225.4,5225.18 1 0
github.com/user/library-api/internal/graphql/generated.go:5226.22,5229.18 3 0
github.com/user/library-api/internal/graphql/generated.go:5229.18,5231.5 1 0
github.com/user/library-api/internal/graphql/generated.go:5232.4,5232.25 1 0
github.com/user/library-api/internal/graphql/generated.go:5235.2,5235.16 1 0
github.com/user/library-api/internal/graphql/generated.go:5248.111,5253.31 4 0
github.com/user/library-api/internal/graphql/generated.go:5253.31,5254.21 1 0
github.com/user/library-api/internal/graphql/generated.go:5255.21,5256.51 1 0
github.com/user/library-api/internal/graphql/generated.go:5257.13,5259.37 2 0
github.com/user/library-api/internal/graphql/generated.go:5259.37,5261.5 1 0
github.com/user/library-api/internal/graphql/generated.go:5262.15,5264.37 2 0
github.com/user/library-api/internal/graphql/generated.go:5264.37,5266.5 1 0
github.com/user/library-api/internal/graphql/generated.go:5267.14,5268.51 1 0
github.com/user/library-api/internal/graphql/generated.go:5269.16,5271.37 2 0
github.com/user/library-api/internal/graphql/generated.go:5271.37,5273.5 1 0
github.com/user/library-api/internal/graphql/generated.go:5274.17,5276.37 2 0
github.com/user/library-api/internal/graphql/generated.go:5276.37,5278.5 1 0
github.com/user/library-api/internal/graphql/generated.go:5279.11,5280.55 1 0
github.com/user/library-api/internal/graphql/generated.go:5283.2,5284.22 2 0
github.com/user/library-api/internal/graphql/generated.go:5284.22,5286.3 1 0
github.com/user/library-api/internal/graphql/generated.go:5288.2,5290.35 2 0
github.com/user/library-api/internal/graphql/generated.go:5290.35,5297.3 1 0
github.com/user/library-api/internal/graphql/generated.go:5299.2,5299.12 1 0
github.com/user/library-api/internal/graphql/generated.go:5304.107,5309.31 4 0
github.com/user/library-api/internal/graphql/generated.go:5309.31,5310.21 1 0
github.com/user/library-api/internal/graphql/generated.go:5311.21,5312.49 1 0
github.com/user/library-api/internal/graphql/generated.go:5313.13,5315.37 2 0
github.com/user/library-api/internal/graphql/generated.go:5315.37,5317.5 1 0
github.com/user/library-api/internal/graphql/generated.go:5318.16,5320.37 2 0
github.com/user/library-api/internal/graphql/generated.go:5320.37,5322.5 1 0
github.com/user/library-api/internal/graphql/generated.go:5323.15,5324.50 1 0
github.com/user/library-api/internal/graphql/generated.go:5325.17,5326.52 1 0
github.com/user/library-api/internal/graphql/generated.go:5327.24,5328.59 1 0
github.com/user/library-api/internal/graphql/generated.go:5329.20,5330.55 1 0
github.com/user/library-api/internal/graphql/generated.go:5331.22,5332.57 1 0
github.com/user/library-api/internal/graphql/generated.go:5333.19,5334.54 1 0
github.com/user/library-api/internal/graphql/generated.go:5335.16,5337.37 2 0
github.com/user/library-api/internal/graphql/generated.go:5337.37,5339.5 1 0
github.com/user/library-api/internal/graphql/generated.go:5340.17,5342.37 2 0
github.com/user/library-api/internal/graphql/generated.go:5342.37,5344.5 1 0
github.com/user/library-api/internal/graphql/generated.go:5345.17,5347.37 2 0
github.com/user/library-api/internal/graphql/generated.go:5347.37,5349.5 1 0
github.com/user/library-api/internal/graphql/generated.go:5350.15,5352.37 2 0
github.com/user/library-api/internal/graphql/generated.go:5352.37,5354.5 1 0
github.com/user/library-api/internal/graphql/generated.go:5355.11,5356.55 1 0
github.com/user/library-api/internal/graphql/generated.go:5359.2,5360.22 2 0
github.com/user/library-api/internal/graphql/generated.go:5360.22,5362.3 1 0
github.com/user/library-api/internal/graphql/generated.go:5364.2,5366.35 2 0
github.com/user/library-api/internal/graphql/generated.go:5366.35,5373.3 1 0
github.com/user/library-api/internal/graphql/generated.go:5375.2,5375.12 1 0
github.com/user/library-api/internal/graphql/generated.go:5380.123,5385.31 4 0
github.com/user/library-api/internal/graphql/generated.go:5385.31,5386.21 1 0
github.com/user/library-api/internal/graphql/generated.go:5387.21,5388.57 1 0
github.com/user/library-api/internal/graphql/generated.go:5389.16,5390.59 1 0
github.com/user/library-api/internal/graphql/generated.go:5391.21,5392.64 1 0
github.com/user/library-api/internal/graphql/generated.go:5393.15,5394.58 1 0
github.com/user/library-api/internal/graphql/generated.go:5395.27,5396.70 1 0
github.com/user/library-api/internal/graphql/generated.go:5397.18,5398.61 1 0
github.com/user/library-api/internal/graphql/generated.go:5399.14,5400.57 1 0
github.com/user/library-api/internal/graphql/generated.go:5401.11,5402.55 1 0
github.com/user/library-api/internal/graphql/generated.go:5405.2,5406.22 2 0
github.com/user/library-api/internal/graphql/generated.go:5406.22,5408.3 1 0
github.com/user/library-api/internal/graphql/generated.go:5410.2,5412.35 2 0
github.com/user/library-api/internal/graphql/generated.go:5412.35,5419.3 1 0
github.com/user/library-api/internal/graphql/generated.go:5421.2,5421.12 1 0
github.com/user/library-api/internal/graphql/generated.go:5426.100,5434.31 5 0
github.com/user/library-api/internal/graphql/generated.go:5434.31,5440.21 2 0
github.com/user/library-api/internal/graphql/generated.go:5441.21,5442.53 1 0
github.com/user/library-api/internal/graphql/generated.go:5443.21,5444.123 1 0
github.com/user/library-api/internal/graphql/generated.go:5444.123,5446.5 1 0
github.com/user/library-api/internal/graphql/generated.go:5447.4,5447.37 1 0
github.com/user/library-api/internal/graphql/generated.go:5447.37,5449.5 1 0
github.com/user/library-api/internal/graphql/generated.go:5450.21,5451.123 1 0
github.com/user/library-api/internal/graphql/generated.go:5451.123,5453.5 1 0
github.com/user/library-api/internal/graphql/generated.go:5454.4,5454.37 1 0
github.com/user/library-api/internal/graphql/generated.go:5454.37,5456.5 1 0
github.com/user/library-api/internal/graphql/generated.go:5457.21,5458.123 1 0
github.com/user/library-api/internal/graphql/generated.go:5458.123,5460.5 1 0
github.com/user/library-api/internal/graphql/generated.go:5461.4,5461.37 1 0
github.com/user/library-api/internal/graphql/generated.go:5461.37,5463.5 1 0
github.com/user/library-api/internal/graphql/generated.go:5464.22,5465.123 1 0
github.com/user/library-api/internal/graphql/generated.go:5465.123,5467.5 1 0
github.com/user/library-api/internal/graphql/generated.go:5468.4,5468.37 1 0
github.com/user/library-api/internal/graphql/generated.go:5468.37,5470.5 1 0
github.com/user/library-api/internal/graphql/generated.go:5471.23,5472.123 1 0
github.com/user/library-api/internal/graphql/generated.go:5472.123,5474.5 1 0
github.com/user/library-api/internal/graphql/generated.go:5475.4,5475.37 1 0
github.com/user/library-api/internal/graphql/generated.go:5475.37,5477.5 1 0
github.com/user/library-api/internal/graphql/generated.go:5478.23,5479.123 1 0
github.com/user/library-api/internal/graphql/generated.go:5479.123,5481.5 1 0
github.com/user/library-api/internal/graphql/generated.go:5482.4,5482.37 1 0
github.com/user/library-api/internal/graphql/generated.go:5482.37,5484.5 1 0
github.com/user/library-api/internal/graphql/generated.go:5485.23,5486.123 1 0
github.com/user/library-api/internal/graphql/generated.go:5486.123,5488.5 1 0
github.com/user/library-api/internal/graphql/generated.go:5489.4,5489.37 1 0
github.com/user/library-api/internal/graphql/generated.go:5489.37,5491.5 1 0
github.com/user/library-api/internal/graphql/generated.go:5492.23,5493.123 1 0
github.com/user/library-api/internal/graphql/generated.go:5493.123,5495.5 1 0
github.com/user/library-api/internal/graphql/generated.go:5496.4,5496.37 1 0
github.com/user/library-api/internal/graphql/generated.go:5496.37,5498.5 1 0
github.com/user/library-api/internal/graphql/generated.go:5499.23,5500.123 1 0
github.com/user/library-api/internal/graphql/generated.go:5500.123,5502.5 1 0
github.com/user/library-api/internal/graphql/generated.go:5503.4,5503.37 1 0
github.com/user/library-api/internal/graphql/generated.go:5503.37,5505.5 1 0
github.com/user/library-api/internal/graphql/generated.go:5506.23,5507.123 1 0
github.com/user/library-api/internal/graphql/generated.go:5507.123,5509.5 1 0
github.com/user/library-api/internal/graphql/generated.go:5510.4,5510.37 1 0
github.com/user/library-api/internal/graphql/generated.go:5510.37,5512.5 1 0
github.com/user/library-api/internal/graphql/generated.go:5513.26,5514.123 1 0
github.com/user/library-api/internal/graphql/generated.go:5514.123,5516.5 1 0
github.com/user/library-api/internal/graphql/generated.go:5517.4,5517.37 1 0
github.com/user/library-api/internal/graphql/generated.go:5517.37,5519.5 1 0
github.com/user/library-api/internal/graphql/generated.go:5520.31,5521.123 1 0
github.com/user/library-api/internal/graphql/generated.go:5521.123,5523.5 1 0
github.com/user/library-api/internal/graphql/generated.go:5524.4,5524.37 1 0
github.com/user/library-api/internal/graphql/generated.go:5524.37,5526.5 1 0
github.com/user/library-api/internal/graphql/generated.go:5527.20,5528.123 1 0
github.com/user/library-api/internal/graphql/generated.go:5528.123,5530.5 1 0
github.com/user/library-api/internal/graphql/generated.go:5531.4,5531.37 1 0
github.com/user/library-api/internal/graphql/generated.go:5531.37,5533.5 1 0
github.com/user/library-api/internal/graphql/generated.go:5534.23,5535.123 1 0
github.com/user/library-api/internal/graphql/generated.go:5535.123,5537.5 1 0
github.com/user/library-api/internal/graphql/generated.go:5538.4,5538.37 1 0
github.com/user/library-api/internal/graphql/generated.go:5538.37,5540.5 1 0
github.com/user/library-api/internal/graphql/generated.go:5541.28,5542.123 1 0
github.com/user/library-api/internal/graphql/generated.go:5542.123,5544.5 1 0
github.com/user/library-api/internal/graphql/generated.go:5545.4,5545.37 1 0
github.com/user/library-api/internal/graphql/generated.go:5545.37,5547.5 1 0
github.com/user/library-api/internal/graphql/generated.go:5548.25,5549.123 1 0
github.com/user/library-api/internal/graphql/generated.go:5549.123,5551.5 1 0
github.com/user/library-api/internal/graphql/generated.go:5552.4,5552.37 1 0
github.com/user/library-api/internal/graphql/generated.go:5552.37,5554.5 1 0
github.com/user/library-api/internal/graphql/generated.go:5555.11,5556.55 1 0
github.com/user/library-api/internal/graphql/generated.go:5559.2,5560.22 2 0
github.com/user/library-api/internal/graphql/generated.go:5560.22,5562.3 1 0
github.com/user/library-api/internal/graphql/generated.go:5564.2,5566.35 2 0
github.com/user/library-api/internal/graphql/generated.go:5566.35,5573.3 1 0
github.com/user/library-api/internal/graphql/generated.go:5575.2,5575.12 1 0
github.com/user/library-api/internal/graphql/generated.go:5580.97,5588.31 5 0
github.com/user/library-api/internal/graphql/generated.go:5588.31,5594.21 2 0
github.com/user/library-api/internal/graphql/generated.go:5595.21,5596.50 1 0
github.com/user/library-api/internal/graphql/generated.go:5597.16,5600.89 2 0
github.com/user/library-api/internal/graphql/generated.go:5600.89,5601.18 1 0
github.com/user/library-api/internal/graphql/generated.go:5601.18,5602.34 1 0
github.com/user/library-api/internal/graphql/generated.go:5602.34,5604.7 1 0
github.com/user/library-api/internal/graphql/generated.go:5606.5,5607.28 2 0
github.com/user/library-api/internal/graphql/generated.go:5607.28,5609.6 1 0
github.com/user/library-api/internal/graphql/generated.go:5610.5,5610.15 1 0
github.com/user/library-api/internal/graphql/generated.go:5613.4,5613.55 1 0
github.com/user/library-api/internal/graphql/generated.go:5613.55,5615.50 1 0
github.com/user/library-api/internal/graphql/generated.go:5615.50,5615.80 1 0
github.com/user/library-api/internal/graphql/generated.go:5618.4,5618.68 1 0
github.com/user/library-api/internal/graphql/generated.go:5618.68,5618.92 1 0
github.com/user/library-api/internal/graphql/generated.go:5619.15,5622.88 2 0
github.com/user/library-api/internal/graphql/generated.go:5622.88,5623.18 1 0
github.com/user/library-api/internal/graphql/generated.go:5623.18,5624.34 1 0
github.com/user/library-api/internal/graphql/generated.go:5624.34,5626.7 1 0
github.com/user/library-api/internal/graphql/generated.go:5628.5,5629.15 2 0
github.com/user/library-api/internal/graphql/generated.go:5632.4,5632.55 1 0
github.com/user/library-api/internal/graphql/generated.go:5632.55,5634.50 1 0
github.com/user/library-api/internal/graphql/generated.go:5634.50,5634.80 1 0
github.com/user/library-api/internal/graphql/generated.go:5637.4,5637.68 1 0
github.com/user/library-api/internal/graphql/generated.go:5637.68,5637.92 1 0
github.com/user/library-api/internal/graphql/generated.go:5638.18,5641.89 2 0
github.com/user/library-api/internal/graphql/generated.go:5641.89,5642.18 1 0
github.com/user/library-api/internal/graphql/generated.go:5642.18,5643.34 1 0
github.com/user/library-api/internal/graphql/generated.go:5643.34,5645.7 1 0
github.com/user/library-api/internal/graphql/generated.go:5647.5,5648.28 2 0
github.com/user/library-api/internal/graphql/generated.go:5648.28,5650.6 1 0
github.com/user/library-api/internal/graphql/generated.go:5651.5,5651.15 1 0
github.com/user/library-api/internal/graphql/generated.go:5654.4,5654.55 1 0
github.com/user/library-api/internal/graphql/generated.go:5654.55,5656.50 1 0
github.com/user/library-api/internal/graphql/generated.go:5656.50,5656.80 1 0
github.com/user/library-api/internal/graphql/generated.go:5659.4,5659.68 1 0
github.com/user/library-api/internal/graphql/generated.go:5659.68,5659.92 1 0
github.com/user/library-api/internal/graphql/generated.go:5660.17,5663.88 2 0
github.com/user/library-api/internal/graphql/generated.go:5663.88,5664.18 1 0
github.com/user/library-api/internal/graphql/generated.go:5664.18,5665.34 1 0
github.com/user/library-api/internal/graphql/generated.go:5665.34,5667.7 1 0
github.com/user/library-api/internal/graphql/generated.go:5669.5,5670.15 2 0
github.com/user/library-api/internal/graphql/generated.go:5673.4,5673.55 1 0
github.com/user/library-api/internal/graphql/generated.go:5673.55,5675.50 1 0
github.com/user/library-api/internal/graphql/generated.go:5675.50,5675.80 1 0
github.com/user/library-api/internal/graphql/generated.go:5678.4,5678.68 1 0
github.com/user/library-api/internal/graphql/generated.go:5678.68,5678.92 1 0
github.com/user/library-api/internal/graphql/generated.go:5679.17,5682.89 2 0
github.com/user/library-api/internal/graphql/generated.go:5682.89,5683.18 1 0
github.com/user/library-api/internal/graphql/generated.go:5683.18,5684.34 1 0
github.com/user/library-api/internal/graphql/generated.go:5684.34,5686.7 1 0
github.com/user/library-api/internal/graphql/generated.go:5688.5,5689.28 2 0
github.com/user/library-api/internal/graphql/generated.go:5689.28,5691.6 1 0
github.com/user/library-api/internal/graphql/generated.go:5692.5,5692.15 1 0
github.com/user/library-api/internal/graphql/generated.go:5695.4,5695.55 1 0
github.com/user/library-api/internal/graphql/generated.go:5695.55,5697.50 1 0
github.com/user/library-api/internal/graphql/generated.go:5697.50,5697.80 1 0
github.com/user/library-api/internal/graphql/generated.go:5700.4,5700.68 1 0
github.com/user/library-api/internal/graphql/generated.go:5700.68,5700.92 1 0
github.com/user/library-api/internal/graphql/generated.go:5701.21,5704.88 2 0
github.com/user/library-api/internal/graphql/generated.go:5704.88,5705.18 1 0
github.com/user/library-api/internal/graphql/generated.go:5705.18,5706.34 1 0
github.com/user/library-api/internal/graphql/generated.go:5706.34,5708.7 1 0
github.com/user/library-api/internal/graphql/generated.go:5710.5,5711.15 2 0
github.com/user/library-api/internal/graphql/generated.go:5714.4,5714.55 1 0
github.com/user/library-api/internal/graphql/generated.go:5714.55,5716.50 1 0
github.com/user/library-api/internal/graphql/generated.go:5716.50,5716.80 1 0
github.com/user/library-api/internal/graphql/generated.go:5719.4,5719.68 1 0
github.com/user/library-api/internal/graphql/generated.go:5719.68,5719.92 1 0
github.com/user/library-api/internal/graphql/generated.go:5720.29,5723.89 2 0
github.com/user/library-api/internal/graphql/generated.go:5723.89,5724.18 1 0
github.com/user/library-api/internal/graphql/generated.go:5724.18,5725.34 1 0
github.com/user/library-api/internal/graphql/generated.go:5725.34,5727.7 1 0
github.com/user/library-api/internal/graphql/generated.go:5729.5,5730.28 2 0
github.com/user/library-api/internal/graphql/generated.go:5730.28,5732.6 1 0
github.com/user/library-api/internal/graphql/generated.go:5733.5,5733.15 1 0
github.com/user/library-api/internal/graphql/generated.go:5736.4,5736.55 1 0
github.com/user/library-api/internal/graphql/generated.go:5736.55,5738.50 1 0
github.com/user/library-api/internal/graphql/generated.go:5738.50,5738.80 1 0
github.com/user/library-api/internal/graphql/generated.go:5741.4,5741.68 1 0
github.com/user/library-api/internal/graphql/generated.go:5741.68,5741.92 1 0
github.com/user/library-api/internal/graphql/generated.go:5742.23,5745.89 2 0
github.com/user/library-api/internal/graphql/generated.go:5745.89,5746.18 1 0
github.com/user/library-api/internal/graphql/generated.go:5746.18,5747.34 1 0
github.com/user/library-api/internal/graphql/generated.go:5747.34,5749.7 1 0
github.com/user/library-api/internal/graphql/generated.go:5751.5,5752.28 2 0
github.com/user/library-api/internal/graphql/generated.go:5752.28,5754.6 1 0
github.com/user/library-api/internal/graphql/generated.go:5755.5,5755.15 1 0
github.com/user/library-api/internal/graphql/generated.go:5758.4,5758.55 1 0
github.com/user/library-api/internal/graphql/generated.go:5758.55,5760.50 1 0
github.com/user/library-api/internal/graphql/generated.go:5760.50,5760.80 1 0
github.com/user/library-api/internal/graphql/generated.go:5763.4,5763.68 1 0
github.com/user/library-api/internal/graphql/generated.go:5763.68,5763.92 1 0
github.com/user/library-api/internal/graphql/generated.go:5764.24,5767.89 2 0
github.com/user/library-api/internal/graphql/generated.go:5767.89,5768.18 1 0
github.com/user/library-api/internal/graphql/generated.go:5768.18,5769.34 1 0
github.com/user/library-api/internal/graphql/generated.go:5769.34,5771.7 1 0
github.com/user/library-api/internal/graphql/generated.go:5773.5,5774.28 2 0
github.com/user/library-api/internal/graphql/generated.go:5774.28,5776.6 1 0
github.com/user/library-api/internal/graphql/generated.go:5777.5,5777.15 1 0
github.com/user/library-api/internal/graphql/generated.go:5780.4,5780.55 1 0
github.com/user/library-api/internal/graphql/generated.go:5780.55,5782.50 1 0
github.com/user/library-api/internal/graphql/generated.go:5782.50,5782.80 1 0
github.com/user/library-api/internal/graphql/generated.go:5785.4,5785.68 1 0
github.com/user/library-api/internal/graphql/generated.go:5785.68,5785.92 1 0
github.com/user/library-api/internal/graphql/generated.go:5786.28,5789.89 2 0
github.com/user/library-api/internal/graphql/generated.go:5789.89,5790.18 1 0
github.com/user/library-api/internal/graphql/generated.go:5790.18,5791.34 1 0
github.com/user/library-api/internal/graphql/generated.go:5791.34,5793.7 1 0
github.com/user/library-api/internal/graphql/generated.go:5795.5,5796.28 2 0
github.com/user/library-api/internal/graphql/generated.go:5796.28,5798.6 1 0
github.com/user/library-api/internal/graphql/generated.go:5799.5,5799.15 1 0
github.com/user/library-api/internal/graphql/generated.go:5802.4,5802.55 1 0
github.com/user/library-api/internal/graphql/generated.go:5802.55,5804.50 1 0
github.com/user/library-api/internal/graphql/generated.go:5804.50,5804.80 1 0
github.com/user/library-api/internal/graphql/generated.go:5807.4,5807.68 1 0
github.com/user/library-api/internal/graphql/generated.go:5807.68,5807.92 1 0
github.com/user/library-api/internal/graphql/generated.go:5808.23,5811.88 2 0
github.com/user/library-api/internal/graphql/generated.go:5811.88,5812.18 1 0
github.com/user/library-api/internal/graphql/generated.go:5812.18,5813.34 1 0
github.com/user/library-api/internal/graphql/generated.go:5813.34,5815.7 1 0
github.com/user/library-api/internal/graphql/generated.go:5817.5,5818.15 2 0
github.com/user/library-api/internal/graphql/generated.go:5821.4,5821.55 1 0
github.com/user/library-api/internal/graphql/generated.go:5821.55,5823.50 1 0
github.com/user/library-api/internal/graphql/generated.go:5823.50,5823.80 1 0
github.com/user/library-api/internal/graphql/generated.go:5826.4,5826.68 1 0
github.com/user/library-api/internal/graphql/generated.go:5826.68,5826.92 1 0
github.com/user/library-api/internal/graphql/generated.go:5827.15,5830.89 2 0
github.com/user/library-api/internal/graphql/generated.go:5830.89,5831.18 1 0
github.com/user/library-api/internal/graphql/generated.go:5831.18,5832.34 1 0
github.com/user/library-api/internal/graphql/generated.go:5832.34,5834.7 1 0
github.com/user/library-api/internal/graphql/generated.go:5836.5,5837.28 2 0
github.com/user/library-api/internal/graphql/generated.go:5837.28,5839.6 1 0
github.com/user/library-api/internal/graphql/generated.go:5840.5,5840.15 1 0
github.com/user/library-api/internal/graphql/generated.go:5843.4,5843.55 1 0
github.com/user/library-api/internal/graphql/generated.go:5843.55,5845.50 1 0
github.com/user/library-api/internal/graphql/generated.go:5845.50,5845.80 1 0
github.com/user/library-api/internal/graphql/generated.go:5848.4,5848.68 1 0
github.com/user/library-api/internal/graphql/generated.go:5848.68,5848.92 1 0
github.com/user/library-api/internal/graphql/generated.go:5849.17,5850.123 1 0
github.com/user/library-api/internal/graphql/generated.go:5850.123,5852.5 1 0
github.com/user/library-api/internal/graphql/generated.go:5853.19,5854.123 1 0
github.com/user/library-api/internal/graphql/generated.go:5854.123,5856.5 1 0
github.com/user/library-api/internal/graphql/generated.go:5857.11,5858.55 1 0
github.com/user/library-api/internal/graphql/generated.go:5861.2,5862.22 2 0
github.com/user/library-api/internal/graphql/generated.go:5862.22,5864.3 1 0
github.com/user/library-api/internal/graphql/generated.go:5866.2,5868.35 2 0
github.com/user/library-api/internal/graphql/generated.go:5868.35,5875.3 1 0
github.com/user/library-api/internal/graphql/generated.go:5877.2,5877.12 1 0
github.com/user/library-api/internal/graphql/generated.go:5882.119,5887.31 4 0
github.com/user/library-api/internal/graphql/generated.go:5887.31,5888.21 1 0
github.com/user/library-api/internal/graphql/generated.go:5889.21,5890.55 1 0
github.com/user/library-api/internal/graphql/generated.go:5891.15,5892.56 1 0
github.com/user/library-api/internal/graphql/generated.go:5893.19,5894.60 1 0
github.com/user/library-api/internal/graphql/generated.go:5895.24,5896.65 1 0
github.com/user/library-api/internal/graphql/generated.go:5897.11,5898.55 1 0
github.com/user/library-api/internal/graphql/generated.go:5901.2,5902.22 2 0
github.com/user/library-api/internal/graphql/generated.go:5902.22,5904.3 1 0
github.com/user/library-api/internal/graphql/generated.go:5906.2,5908.35 2 0
github.com/user/library-api/internal/graphql/generated.go:5908.35,5915.3 1 0
github.com/user/library-api/internal/graphql/generated.go:5917.2,5917.12 1 0
github.com/user/library-api/internal/graphql/generated.go:5922.111,5927.31 4 0
github.com/user/library-api/internal/graphql/generated.go:5927.31,5928.21 1 0
github.com/user/library-api/internal/graphql/generated.go:5929.21,5930.51 1 0
github.com/user/library-api/internal/graphql/generated.go:5931.13,5933.37 2 0
github.com/user/library-api/internal/graphql/generated.go:5933.37,5935.5 1 0
github.com/user/library-api/internal/graphql/generated.go:5936.15,5938.37 2 0
github.com/user/library-api/internal/graphql/generated.go:5938.37,5940.5 1 0
github.com/user/library-api/internal/graphql/generated.go:5941.22,5942.59 1 0
github.com/user/library-api/internal/graphql/generated.go:5943.16,5945.37 2 0
github.com/user/library-api/internal/graphql/generated.go:5945.37,5947.5 1 0
github.com/user/library-api/internal/graphql/generated.go:5948.23,5950.37 2 0
github.com/user/library-api/internal/graphql/generated.go:5950.37,5952.5 1 0
github.com/user/library-api/internal/graphql/generated.go:5953.11,5954.55 1 0
github.com/user/library-api/internal/graphql/generated.go:5957.2,5958.22 2 0
github.com/user/library-api/internal/graphql/generated.go:5958.22,5960.3 1 0
github.com/user/library-api/internal/graphql/generated.go:5962.2,5964.35 2 0
github.com/user/library-api/internal/graphql/generated.go:5964.35,5971.3 1 0
github.com/user/library-api/internal/graphql/generated.go:5973.2,5973.12 1 0
github.com/user/library-api/internal/graphql/generated.go:5978.119,5983.31 4 0
github.com/user/library-api/internal/graphql/generated.go:5983.31,5984.21 1 0
github.com/user/library-api/internal/graphql/generated.go:5985.21,5986.55 1 0
github.com/user/library-api/internal/graphql/generated.go:5987.15,5989.37 2 0
github.com/user/library-api/internal/graphql/generated.go:5989.37,5991.5 1 0
github.com/user/library-api/internal/graphql/generated.go:5992.17,5994.37 2 0
github.com/user/library-api/internal/graphql/generated.go:5994.37,5996.5 1 0
github.com/user/library-api/internal/graphql/generated.go:5997.19,5999.37 2 0
github.com/user/library-api/internal/graphql/generated.go:5999.37,6001.5 1 0
github.com/user/library-api/internal/graphql/generated.go:6002.11,6003.55 1 0
github.com/user/library-api/internal/graphql/generated.go:6006.2,6007.22 2 0
github.com/user/library-api/internal/graphql/generated.go:6007.22,6009.3 1 0
github.com/user/library-api/internal/graphql/generated.go:6011.2,6013.35 2 0
github.com/user/library-api/internal/graphql/generated.go:6013.35,6020.3 1 0
github.com/user/library-api/internal/graphql/generated.go:6022.2,6022.12 1 0
github.com/user/library-api/internal/graphql/generated.go:6027.105,6032.31 4 0
github.com/user/library-api/internal/graphql/generated.go:6032.31,6033.21 1 0
github.com/user/library-api/internal/graphql/generated.go:6034.21,6035.48 1 0
github.com/user/library-api/internal/graphql/generated.go:6036.13,6038.37 2 0
github.com/user/library-api/internal/graphql/generated.go:6038.37,6040.5 1 0
github.com/user/library-api/internal/graphql/generated.go:6041.15,6043.37 2 0
github.com/user/library-api/internal/graphql/generated.go:6043.37,6045.5 1 0
github.com/user/library-api/internal/graphql/generated.go:6046.11,6047.55 1 0
github.com/user/library-api/internal/graphql/generated.go:6050.2,6051.22 2 0
github.com/user/library-api/internal/graphql/generated.go:6051.22,6053.3 1 0
github.com/user/library-api/internal/graphql/generated.go:6055.2,6057.35 2 0
github.com/user/library-api/internal/graphql/generated.go:6057.35,6064.3 1 0
github.com/user/library-api/internal/graphql/generated.go:6066.2,6066.12 1 0
github.com/user/library-api/internal/graphql/generated.go:6071.133,6076.31 4 0
github.com/user/library-api/internal/graphql/generated.go:6076.31,6077.21 1 0
github.com/user/library-api/internal/graphql/generated.go:6078.21,6079.56 1 0
github.com/user/library-api/internal/graphql/generated.go:6080.15,6082.37 2 0
github.com/user/library-api/internal/graphql/generated.go:6082.37,6084.5 1 0
github.com/user/library-api/internal/graphql/generated.go:6085.22,6086.64 1 0
github.com/user/library-api/internal/graphql/generated.go:6087.23,6089.37 2 0
github.com/user/library-api/internal/graphql/generated.go:6089.37,6091.5 1 0
github.com/user/library-api/internal/graphql/generated.go:6092.20,6094.37 2 0
github.com/user/library-api/internal/graphql/generated.go:6094.37,6096.5 1 0
github.com/user/library-api/internal/graphql/generated.go:6097.15,6099.37 2 0
github.com/user/library-api/internal/graphql/generated.go:6099.37,6101.5 1 0
github.com/user/library-api/internal/graphql/generated.go:6102.11,6103.55 1 0
github.com/user/library-api/internal/graphql/generated.go:6106.2,6107.22 2 0
github.com/user/library-api/internal/graphql/generated.go:6107.22,6109.3 1 0
github.com/user/library-api/internal/graphql/generated.go:6111.2,6113.35 2 0
github.com/user/library-api/internal/graphql/generated.go:6113.35,6120.3 1 0
github.com/user/library-api/internal/graphql/generated.go:6122.2,6122.12 1 0
github.com/user/library-api/internal/graphql/generated.go:6127.133,6132.31 4 0
github.com/user/library-api/internal/graphql/generated.go:6132.31,6133.21 1 0
github.com/user/library-api/internal/graphql/generated.go:6134.21,6135.56 1 0
github.com/user/library-api/internal/graphql/generated.go:6136.15,6138.37 2 0
github.com/user/library-api/internal/graphql/generated.go:6138.37,6140.5 1 0
github.com/user/library-api/internal/graphql/generated.go:6141.22,6142.64 1 0
github.com/user/library-api/internal/graphql/generated.go:6143.23,6145.37 2 0
github.com/user/library-api/internal/graphql/generated.go:6145.37,6147.5 1 0
github.com/user/library-api/internal/graphql/generated.go:6148.28,6149.70 1 0
github.com/user/library-api/internal/graphql/generated.go:6150.11,6151.55 1 0
github.com/user/library-api/internal/graphql/generated.go:6154.2,6155.22 2 0
github.com/user/library-api/internal/graphql/generated.go:6155.22,6157.3 1 0
github.com/user/library-api/internal/graphql/generated.go:6159.2,6161.35 2 0
github.com/user/library-api/internal/graphql/generated.go:6161.35,6168.3 1 0
github.com/user/library-api/internal/graphql/generated.go:6170.2,6170.12 1 0
github.com/user/library-api/internal/graphql/generated.go:6175.125,6180.31 4 0
github.com/user/library-api/internal/graphql/generated.go:6180.31,6181.21 1 0
github.com/user/library-api/internal/graphql/generated.go:6182.21,6183.52 1 0
github.com/user/library-api/internal/graphql/generated.go:6184.15,6186.37 2 0
github.com/user/library-api/internal/graphql/generated.go:6186.37,6188.5 1 0
github.com/user/library-api/internal/graphql/generated.go:6189.22,6190.60 1 0
github.com/user/library-api/internal/graphql/generated.go:6191.15,6193.37 2 0
github.com/user/library-api/internal/graphql/generated.go:6193.37,6195.5 1 0
github.com/user/library-api/internal/graphql/generated.go:6196.15,6198.37 2 0
github.com/user/library-api/internal/graphql/generated.go:6198.37,6200.5 1 0
github.com/user/library-api/internal/graphql/generated.go:6201.23,6203.37 2 0
github.com/user/library-api/internal/graphql/generated.go:6203.37,6205.5 1 0
github.com/user/library-api/internal/graphql/generated.go:6206.28,6207.66 1 0
github.com/user/library-api/internal/graphql/generated.go:6208.11,6209.55 1 0
github.com/user/library-api/internal/graphql/generated.go:6212.2,6213.22 2 0
github.com/user/library-api/internal/graphql/generated.go:6213.22,6215.3 1 0
github.com/user/library-api/internal/graphql/generated.go:6217.2,6219.35 2 0
github.com/user/library-api/internal/graphql/generated.go:6219.35,6226.3 1 0
github.com/user/library-api/internal/graphql/generated.go:6228.2,6228.12 1 0
github.com/user/library-api/internal/graphql/generated.go:6233.135,6238.31 4 0
github.com/user/library-api/internal/graphql/generated.go:6238.31,6239.21 1 0
github.com/user/library-api/internal/graphql/generated.go:6240.21,6241.57 1 0
github.com/user/library-api/internal/graphql/generated.go:6242.15,6244.37 2 0
github.com/user/library-api/internal/graphql/generated.go:6244.37,6246.5 1 0
github.com/user/library-api/internal/graphql/generated.go:6247.22,6248.65 1 0
github.com/user/library-api/internal/graphql/generated.go:6249.15,6251.37 2 0
github.com/user/library-api/internal/graphql/generated.go:6251.37,6253.5 1 0
github.com/user/library-api/internal/graphql/generated.go:6254.23,6255.66 1 0
github.com/user/library-api/internal/graphql/generated.go:6256.23,6258.37 2 0
github.com/user/library-api/internal/graphql/generated.go:6258.37,6260.5 1 0
github.com/user/library-api/internal/graphql/generated.go:6261.28,6262.71 1 0
github.com/user/library-api/internal/graphql/generated.go:6263.11,6264.55 1 0
github.com/user/library-api/internal/graphql/generated.go:6267.2,6268.22 2 0
github.com/user/library-api/internal/graphql/generated.go:6268.22,6270.3 1 0
github.com/user/library-api/internal/graphql/generated.go:6272.2,6274.35 2 0
github.com/user/library-api/internal/graphql/generated.go:6274.35,6281.3 1 0
github.com/user/library-api/internal/graphql/generated.go:6283.2,6283.12 1 0
github.com/user/library-api/internal/graphql/generated.go:6288.127,6293.31 4 0
github.com/user/library-api/internal/graphql/generated.go:6293.31,6294.21 1 0
github.com/user/library-api/internal/graphql/generated.go:6295.21,6296.53 1 0
github.com/user/library-api/internal/graphql/generated.go:6297.22,6298.61 1 0
github.com/user/library-api/internal/graphql/generated.go:6299.16,6301.37 2 0
github.com/user/library-api/internal/graphql/generated.go:6301.37,6303.5 1 0
github.com/user/library-api/internal/graphql/generated.go:6304.20,6306.37 2 0
github.com/user/library-api/internal/graphql/generated.go:6306.37,6308.5 1 0
github.com/user/library-api/internal/graphql/generated.go:6309.23,6310.62 1 0
github.com/user/library-api/internal/graphql/generated.go:6311.27,6312.66 1 0
github.com/user/library-api/internal/graphql/generated.go:6313.21,6315.37 2 0
github.com/user/library-api/internal/graphql/generated.go:6315.37,6317.5 1 0
github.com/user/library-api/internal/graphql/generated.go:6318.11,6319.55 1 0
github.com/user/library-api/internal/graphql/generated.go:6322.2,6323.22 2 0
github.com/user/library-api/internal/graphql/generated.go:6323.22,6325.3 1 0
github.com/user/library-api/internal/graphql/generated.go:6327.2,6329.35 2 0
github.com/user/library-api/internal/graphql/generated.go:6329.35,6336.3 1 0
github.com/user/library-api/internal/graphql/generated.go:6338.2,6338.12 1 0
github.com/user/library-api/internal/graphql/generated.go:6343.123,6348.31 4 0
github.com/user/library-api/internal/graphql/generated.go:6348.31,6349.21 1 0
github.com/user/library-api/internal/graphql/generated.go:6350.21,6351.51 1 0
github.com/user/library-api/internal/graphql/generated.go:6352.15,6354.37 2 0
github.com/user/library-api/internal/graphql/generated.go:6354.37,6356.5 1 0
github.com/user/library-api/internal/graphql/generated.go:6357.15,6358.52 1 0
github.com/user/library-api/internal/graphql/generated.go:6359.22,6360.59 1 0
github.com/user/library-api/internal/graphql/generated.go:6361.25,6362.62 1 0
github.com/user/library-api/internal/graphql/generated.go:6363.17,6364.54 1 0
github.com/user/library-api/internal/graphql/generated.go:6365.21,6366.58 1 0
github.com/user/library-api/internal/graphql/generated.go:6367.24,6368.61 1 0
github.com/user/library-api/internal/graphql/generated.go:6369.21,6370.58 1 0
github.com/user/library-api/internal/graphql/generated.go:6371.22,6372.59 1 0
github.com/user/library-api/internal/graphql/generated.go:6373.17,6374.54 1 0
github.com/user/library-api/internal/graphql/generated.go:6375.18,6376.55 1 0
github.com/user/library-api/internal/graphql/generated.go:6377.11,6378.55 1 0
github.com/user/library-api/internal/graphql/generated.go:6381.2,6382.22 2 0
github.com/user/library-api/internal/graphql/generated.go:6382.22,6384.3 1 0
github.com/user/library-api/internal/graphql/generated.go:6386.2,6388.35 2 0
github.com/user/library-api/internal/graphql/generated.go:6388.35,6395.3 1 0
github.com/user/library-api/internal/graphql/generated.go:6397.2,6397.12 1 0
github.com/user/library-api/internal/graphql/generated.go:6404.181,6406.2 1 0
github.com/user/library-api/internal/graphql/generated.go:6408.193,6409.116 1 0
github.com/user/library-api/internal/graphql/generated.go:6409.116,6413.3 3 0
github.com/user/library-api/internal/graphql/generated.go:6415.2,6415.24 1 0
github.com/user/library-api/internal/graphql/generated.go:6415.24,6416.24 1 0
github.com/user/library-api/internal/graphql/generated.go:6416.24,6418.4 1 0
github.com/user/library-api/internal/graphql/generated.go:6421.2,6421.12 1 0
github.com/user/library-api/internal/graphql/generated.go:6424.185,6425.14 1 0
github.com/user/library-api/internal/graphql/generated.go:6425.14,6426.64 1 0
github.com/user/library-api/internal/graphql/generated.go:6426.64,6428.4 1 0
github.com/user/library-api/internal/graphql/generated.go:6429.3,6429.22 1 0
github.com/user/library-api/internal/graphql/generated.go:6431.2,6431.32 1 0
github.com/user/library-api/internal/graphql/generated.go:6434.175,6436.2 1 0
github.com/user/library-api/internal/graphql/generated.go:6438.187,6439.116 1 0
github.com/user/library-api/internal/graphql/generated.go:6439.116,6443.3 3 0
github.com/user/library-api/internal/graphql/generated.go:6445.2,6445.24 1 0
github.com/user/library-api/internal/graphql/generated.go:6445.24,6446.24 1 0
github.com/user/library-api/internal/graphql/generated.go:6446.24,6448.4 1 0
github.com/user/library-api/internal/graphql/generated.go:6451.2,6451.12 1 0
github.com/user/library-api/internal/graphql/generated.go:6454.179,6455.14 1 0
github.com/user/library-api/internal/graphql/generated.go:6455.14,6456.64 1 0
github.com/user/library-api/internal/graphql/generated.go:6456.64,6458.4 1 0
github.com/user/library-api/internal/graphql/generated.go:6459.3,6459.22 1 0
github.com/user/library-api/internal/graphql/generated.go:6461.2,6461.30 1 0
github.com/user/library-api/internal/graphql/generated.go:6464.94,6467.2 2 0
github.com/user/library-api/internal/graphql/generated.go:6469.119,6472.25 3 0
github.com/user/library-api/internal/graphql/generated.go:6472.25,6473.64 1 0
github.com/user/library-api/internal/graphql/generated.go:6473.64,6475.4 1 0
github.com/user/library-api/internal/graphql/generated.go:6477.2,6477.12 1 0
github.com/user/library-api/internal/graphql/generated.go:6480.189,6483.2 2 0
github.com/user/library-api/internal/graphql/generated.go:6485.183,6488.2 2 0
github.com/user/library-api/internal/graphql/generated.go:6490.189,6493.2 2 0
github.com/user/library-api/internal/graphql/generated.go:6495.211,6496.116 1 0
github.com/user/library-api/internal/graphql/generated.go:6496.116,6500.3 3 0
github.com/user/library-api/internal/graphql/generated.go:6502.2,6502.24 1 0
github.com/user/library-api/internal/graphql/generated.go:6502.24,6503.24 1 0
github.com/user/library-api/internal/graphql/generated.go:6503.24,6505.4 1 0
github.com/user/library-api/internal/graphql/generated.go:6508.2,6508.12 1 0
github.com/user/library-api/internal/graphql/generated.go:6511.203,6512.14 1 0
github.com/user/library-api/internal/graphql/generated.go:6512.14,6513.64 1 0
github.com/user/library-api/internal/graphql/generated.go:6513.64,6515.4 1 0
github.com/user/library-api/internal/graphql/generated.go:6516.3,6516.22 1 0
github.com/user/library-api/internal/graphql/generated.go:6518.2,6518.38 1 0
github.com/user/library-api/internal/graphql/generated.go:6521.87,6524.2 2 0
github.com/user/library-api/internal/graphql/generated.go:6526.112,6529.25 3 0
github.com/user/library-api/internal/graphql/generated.go:6529.25,6530.64 1 0
github.com/user/library-api/internal/graphql/generated.go:6530.64,6532.4 1 0
github.com/user/library-api/internal/graphql/generated.go:6534.2,6534.12 1 0
github.com/user/library-api/internal/graphql/generated.go:6537.88,6540.2 2 0
github.com/user/library-api/internal/graphql/generated.go:6542.113,6545.25 3 0
github.com/user/library-api/internal/graphql/generated.go:6545.25,6546.64 1 0
github.com/user/library-api/internal/graphql/generated.go:6546.64,6548.4 1 0
github.com/user/library-api/internal/graphql/generated.go:6550.2,6550.12 1 0
github.com/user/library-api/internal/graphql/generated.go:6553.193,6555.2 1 0
github.com/user/library-api/internal/graphql/generated.go:6557.197,6558.14 1 0
github.com/user/library-api/internal/graphql/generated.go:6558.14,6559.64 1 0
github.com/user/library-api/internal/graphql/generated.go:6559.64,6561.4 1 0
github.com/user/library-api/internal/graphql/generated.go:6562.3,6562.22 1 0
github.com/user/library-api/internal/graphql/generated.go:6564.2,6564.36 1 0
github.com/user/library-api/internal/graphql/generated.go:6567.181,6569.2 1 0
github.com/user/library-api/internal/graphql/generated.go:6571.193,6572.116 1 0
github.com/user/library-api/internal/graphql/generated.go:6572.116,6576.3 3 0
github.com/user/library-api/internal/graphql/generated.go:6578.2,6578.24 1 0
github.com/user/library-api/internal/graphql/generated.go:6578.24,6579.24 1 0
github.com/user/library-api/internal/graphql/generated.go:6579.24,6581.4 1 0
github.com/user/library-api/internal/graphql/generated.go:6584.2,6584.12 1 0
github.com/user/library-api/internal/graphql/generated.go:6587.185,6588.14 1 0
github.com/user/library-api/internal/graphql/generated.go:6588.14,6589.64 1 0
github.com/user/library-api/internal/graphql/generated.go:6589.64,6591.4 1 0
github.com/user/library-api/internal/graphql/generated.go:6592.3,6592.22 1 0
github.com/user/library-api/internal/graphql/generated.go:6594.2,6594.32 1 0
github.com/user/library-api/internal/graphql/generated.go:6597.193,6599.2 1 0
github.com/user/library-api/internal/graphql/generated.go:6601.205,6602.116 1 0
github.com/user/library-api/internal/graphql/generated.go:6602.116,6606.3 3 0
github.com/user/library-api/internal/graphql/generated.go:6608.2,6608.24 1 0
github.com/user/library-api/internal/graphql/generated.go:6608.24,6609.24 1 0
github.com/user/library-api/internal/graphql/generated.go:6609.24,6611.4 1 0
github.com/user/library-api/internal/graphql/generated.go:6614.2,6614.12 1 0
github.com/user/library-api/internal/graphql/generated.go:6617.197,6618.14 1 0
github.com/user/library-api/internal/graphql/generated.go:6618.14,6619.64 1 0
github.com/user/library-api/internal/graphql/generated.go:6619.64,6621.4 1 0
github.com/user/library-api/internal/graphql/generated.go:6622.3,6622.22 1 0
github.com/user/library-api/internal/graphql/generated.go:6624.2,6624.36 1 0
github.com/user/library-api/internal/graphql/generated.go:6627.97,6630.2 2 0
github.com/user/library-api/internal/graphql/generated.go:6632.122,6635.25 3 0
github.com/user/library-api/internal/graphql/generated.go:6635.25,6636.64 1 0
github.com/user/library-api/internal/graphql/generated.go:6636.64,6638.4 1 0
github.com/user/library-api/internal/graphql/generated.go:6640.2,6640.12 1 0
github.com/user/library-api/internal/graphql/generated.go:6643.172,6645.2 1 0
github.com/user/library-api/internal/graphql/generated.go:6647.184,6648.116 1 0
github.com/user/library-api/internal/graphql/generated.go:6648.116,6652.3 3 0
github.com/user/library-api/internal/graphql/generated.go:6654.2,6654.24 1 0
github.com/user/library-api/internal/graphql/generated.go:6654.24,6655.24 1 0
github.com/user/library-api/internal/graphql/generated.go:6655.24,6657.4 1 0
github.com/user/library-api/internal/graphql/generated.go:6660.2,6660.12 1 0
github.com/user/library-api/internal/graphql/generated.go:6663.176,6664.14 1 0
github.com/user/library-api/internal/graphql/generated.go:6664.14,6665.64 1 0
github.com/user/library-api/internal/graphql/generated.go:6665.64,6667.4 1 0
github.com/user/library-api/internal/graphql/generated.go:6668.3,6668.22 1 0
github.com/user/library-api/internal/graphql/generated.go:6670.2,6670.29 1 0
github.com/user/library-api/internal/graphql/generated.go:6673.189,6676.2 2 0
github.com/user/library-api/internal/graphql/generated.go:6678.183,6681.2 2 0
github.com/user/library-api/internal/graphql/generated.go:6683.189,6686.2 2 0
github.com/user/library-api/internal/graphql/generated.go:6688.209,6690.2 1 0
github.com/user/library-api/internal/graphql/generated.go:6692.217,6693.116 1 0
github.com/user/library-api/internal/graphql/generated.go:6693.116,6697.3 3 0
github.com/user/library-api/internal/graphql/generated.go:6699.2,6699.24 1 0
github.com/user/library-api/internal/graphql/generated.go:6699.24,6700.24 1 0
github.com/user/library-api/internal/graphql/generated.go:6700.24,6702.4 1 0
github.com/user/library-api/internal/graphql/generated.go:6705.2,6705.12 1 0
github.com/user/library-api/internal/graphql/generated.go:6708.110,6711.2 2 0
github.com/user/library-api/internal/graphql/generated.go:6713.135,6716.25 3 0
github.com/user/library-api/internal/graphql/generated.go:6716.25,6717.64 1 0
github.com/user/library-api/internal/graphql/generated.go:6717.64,6719.4 1 0
github.com/user/library-api/internal/graphql/generated.go:6721.2,6721.12 1 0
github.com/user/library-api/internal/graphql/generated.go:6724.118,6729.24 5 0
github.com/user/library-api/internal/graphql/generated.go:6729.24,6732.17 3 0
github.com/user/library-api/internal/graphql/generated.go:6732.17,6734.4 1 0
github.com/user/library-api/internal/graphql/generated.go:6736.2,6736.17 1 0
github.com/user/library-api/internal/graphql/generated.go:6739.143,6740.116 1 0
github.com/user/library-api/internal/graphql/generated.go:6740.116,6744.3 3 0
github.com/user/library-api/internal/graphql/generated.go:6746.2,6746.24 1 0
github.com/user/library-api/internal/graphql/generated.go:6746.24,6747.24 1 0
github.com/user/library-api/internal/graphql/generated.go:6747.24,6749.4 1 0
github.com/user/library-api/internal/graphql/generated.go:6752.2,6752.12 1 0
github.com/user/library-api/internal/graphql/generated.go:6755.209,6757.2 1 0
github.com/user/library-api/internal/graphql/generated.go:6759.197,6761.2 1 0
github.com/user/library-api/internal/graphql/generated.go:6763.212,6765.2 1 0
github.com/user/library-api/internal/graphql/generated.go:6767.220,6768.116 1 0
github.com/user/library-api/internal/graphql/generated.go:6768.116,6772.3 3 0
github.com/user/library-api/internal/graphql/generated.go:6774.2,6774.24 1 0
github.com/user/library-api/internal/graphql/generated.go:6774.24,6775.24 1 0
github.com/user/library-api/internal/graphql/generated.go:6775.24,6777.4 1 0
github.com/user/library-api/internal/graphql/generated.go:6780.2,6780.12 1 0
github.com/user/library-api/internal/graphql/generated.go:6783.194,6785.2 1 0
github.com/user/library-api/internal/graphql/generated.go:6787.202,6788.116 1 0
github.com/user/library-api/internal/graphql/generated.go:6788.116,6792.3 3 0
github.com/user/library-api/internal/graphql/generated.go:6794.2,6794.24 1 0
github.com/user/library-api/internal/graphql/generated.go:6794.24,6795.24 1 0
github.com/user/library-api/internal/graphql/generated.go:6795.24,6797.4 1 0
github.com/user/library-api/internal/graphql/generated.go:6800.2,6800.12 1 0
github.com/user/library-api/internal/graphql/generated.go:6803.198,6804.14 1 0
github.com/user/library-api/internal/graphql/generated.go:6804.14,6805.64 1 0
github.com/user/library-api/internal/graphql/generated.go:6805.64,6807.4 1 0
github.com/user/library-api/internal/graphql/generated.go:6808.3,6808.22 1 0
github.com/user/library-api/internal/graphql/generated.go:6810.2,6810.32 1 0
github.com/user/library-api/internal/graphql/generated.go:6813.101,6816.2 2 0
github.com/user/library-api/internal/graphql/generated.go:6818.126,6821.25 3 0
github.com/user/library-api/internal/graphql/generated.go:6821.25,6822.64 1 0
github.com/user/library-api/internal/graphql/generated.go:6822.64,6824.4 1 0
github.com/user/library-api/internal/graphql/generated.go:6826.2,6826.12 1 0
github.com/user/library-api/internal/graphql/generated.go:6829.185,6830.14 1 0
github.com/user/library-api/internal/graphql/generated.go:6830.14,6832.3 1 0
github.com/user/library-api/internal/graphql/generated.go:6833.2,6833.32 1 0
github.com/user/library-api/internal/graphql/generated.go:6836.179,6837.14 1 0
github.com/user/library-api/internal/graphql/generated.go:6837.14,6839.3 1 0
github.com/user/library-api/internal/graphql/generated.go:6840.2,6840.30 1 0
github.com/user/library-api/internal/graphql/generated.go:6843.94,6846.2 2 0
github.com/user/library-api/internal/graphql/generated.go:6848.119,6853.2 4 0
github.com/user/library-api/internal/graphql/generated.go:6855.98,6856.14 1 0
github.com/user/library-api/internal/graphql/generated.go:6856.14,6858.3 1 0
github.com/user/library-api/internal/graphql/generated.go:6859.2,6860.44 2 0
github.com/user/library-api/internal/graphql/generated.go:6863.123,6864.14 1 0
github.com/user/library-api/internal/graphql/generated.go:6864.14,6866.3 1 0
github.com/user/library-api/internal/graphql/generated.go:6867.2,6870.12 4 0
github.com/user/library-api/internal/graphql/generated.go:6873.203,6874.14 1 0
github.com/user/library-api/internal/graphql/generated.go:6874.14,6876.3 1 0
github.com/user/library-api/internal/graphql/generated.go:6877.2,6877.38 1 0
github.com/user/library-api/internal/graphql/generated.go:6880.91,6881.14 1 0
github.com/user/library-api/internal/graphql/generated.go:6881.14,6883.3 1 0
github.com/user/library-api/internal/graphql/generated.go:6884.2,6885.44 2 0
github.com/user/library-api/internal/graphql/generated.go:6888.116,6889.14 1 0
github.com/user/library-api/internal/graphql/generated.go:6889.14,6891.3 1 0
github.com/user/library-api/internal/graphql/generated.go:6892.2,6895.12 4 0
github.com/user/library-api/internal/graphql/generated.go:6898.92,6899.14 1 0
github.com/user/library-api/internal/graphql/generated.go:6899.14,6901.3 1 0
github.com/user/library-api/internal/graphql/generated.go:6902.2,6903.44 2 0
github.com/user/library-api/internal/graphql/generated.go:6906.117,6907.14 1 0
github.com/user/library-api/internal/graphql/generated.go:6907.14,6909.3 1 0
github.com/user/library-api/internal/graphql/generated.go:6910.2,6913.12 4 0
github.com/user/library-api/internal/graphql/generated.go:6916.185,6917.14 1 0
github.com/user/library-api/internal/graphql/generated.go:6917.14,6919.3 1 0
github.com/user/library-api/internal/graphql/generated.go:6920.2,6920.32 1 0
github.com/user/library-api/internal/graphql/generated.go:6923.106,6924.14 1 0
github.com/user/library-api/internal/graphql/generated.go:6924.14,6926.3 1 0
github.com/user/library-api/internal/graphql/generated.go:6927.2,6931.24 5 0
github.com/user/library-api/internal/graphql/generated.go:6931.24,6934.17 3 0
github.com/user/library-api/internal/graphql/generated.go:6934.17,6936.4 1 0
github.com/user/library-api/internal/graphql/generated.go:6938.2,6938.17 1 0
github.com/user/library-api/internal/graphql/generated.go:6941.131,6942.14 1 0
github.com/user/library-api/internal/graphql/generated.go:6942.14,6944.3 1 0
github.com/user/library-api/internal/graphql/generated.go:6945.2,6946.19 2 0
github.com/user/library-api/internal/graphql/generated.go:6946.19,6948.3 1 0
github.com/user/library-api/internal/graphql/generated.go:6950.2,6950.12 1 0
github.com/user/library-api/internal/graphql/generated.go:6953.101,6954.14 1 0
github.com/user/library-api/internal/graphql/generated.go:6954.14,6956.3 1 0
github.com/user/library-api/internal/graphql/generated.go:6957.2,6958.44 2 0
github.com/user/library-api/internal/graphql/generated.go:6961.126,6962.14 1 0
github.com/user/library-api/internal/graphql/generated.go:6962.14,6964.3 1 0
github.com/user/library-api/internal/graphql/generated.go:6965.2,6968.12 4 0
github.com/user/library-api/internal/graphql/generated.go:6971.107,6972.14 1 0
github.com/user/library-api/internal/graphql/generated.go:6972.14,6974.3 1 0
github.com/user/library-api/internal/graphql/generated.go:6975.2,6976.44 2 0
github.com/user/library-api/internal/graphql/generated.go:6979.132,6980.14 1 0
github.com/user/library-api/internal/graphql/generated.go:6980.14,6982.3 1 0
github.com/user/library-api/internal/graphql/generated.go:6983.2,6986.12 4 0
github.com/user/library-api/internal/graphql/generated.go:6989.217,6990.14 1 0
github.com/user/library-api/internal/graphql/generated.go:6990.14,6992.3 1 0
github.com/user/library-api/internal/graphql/generated.go:6993.2,6993.116 1 0
github.com/user/library-api/internal/graphql/generated.go:6993.116,6997.3 3 0
github.com/user/library-api/internal/graphql/generated.go:6999.2,6999.24 1 0
github.com/user/library-api/internal/graphql/generated.go:6999.24,7000.24 1 0
github.com/user/library-api/internal/graphql/generated.go:7000.24,7002.4 1 0
github.com/user/library-api/internal/graphql/generated.go:7005.2,7005.12 1 0
github.com/user/library-api/internal/graphql/generated.go:7008.205,7009.14 1 0
github.com/user/library-api/internal/graphql/generated.go:7009.14,7011.3 1 0
github.com/user/library-api/internal/graphql/generated.go:7012.2,7012.116 1 0
github.com/user/library-api/internal/graphql/generated.go:7012.116,7016.3 3 0
github.com/user/library-api/internal/graphql/generated.go:7018.2,7018.24 1 0
github.com/user/library-api/internal/graphql/generated.go:7018.24,7019.24 1 0
github.com/user/library-api/internal/graphql/generated.go:7019.24,7021.4 1 0
github.com/user/library-api/internal/graphql/generated.go:7024.2,7024.12 1 0
github.com/user/library-api/internal/graphql/generated.go:7027.220,7028.14 1 0
github.com/user/library-api/internal/graphql/generated.go:7028.14,7030.3 1 0
github.com/user/library-api/internal/graphql/generated.go:7031.2,7031.116 1 0
github.com/user/library-api/internal/graphql/generated.go:7031.116,7035.3 3 0
github.com/user/library-api/internal/graphql/generated.go:7037.2,7037.24 1 0
github.com/user/library-api/internal/graphql/generated.go:7037.24,7038.24 1 0
github.com/user/library-api/internal/graphql/generated.go:7038.24,7040.4 1 0
github.com/user/library-api/internal/graphql/generated.go:7043.2,7043.12 1 0
github.com/user/library-api/internal/graphql/generated.go:7046.204,7047.14 1 0
github.com/user/library-api/internal/graphql/generated.go:7047.14,7049.3 1 0
github.com/user/library-api/internal/graphql/generated.go:7050.2,7050.34 1 0
github.com/user/library-api/internal/graphql/generated.go:7053.202,7054.14 1 0
github.com/user/library-api/internal/graphql/generated.go:7054.14,7056.3 1 0
github.com/user/library-api/internal/graphql/generated.go:7057.2,7057.116 1 0
github.com/user/library-api/internal/graphql/generated.go:7057.116,7061.3 3 0
github.com/user/library-api/internal/graphql/generated.go:7063.2,7063.24 1 0
github.com/user/library-api/internal/graphql/generated.go:7063.24,7064.24 1 0
github.com/user/library-api/internal/graphql/generated.go:7064.24,7066.4 1 0
github.com/user/library-api/internal/graphql/generated.go:7069.2,7069.12 1 0
github.com/user/library-api/internal/graphql/generated.go:7072.198,7073.14 1 0
github.com/user/library-api/internal/graphql/generated.go:7073.14,7075.3 1 0
github.com/user/library-api/internal/graphql/generated.go:7076.2,7076.32 1 0
github.com/user/library-api/internal/graphql/schema.resolvers.go:17.45,22.17 2 1
github.com/user/library-api/internal/graphql/schema.resolvers.go:22.17,24.3 1 0
github.com/user/library-api/internal/graphql/schema.resolvers.go:25.2,25.15 1 1
github.com/user/library-api/internal/graphql/schema.resolvers.go:28.39,34.18 2 1
github.com/user/library-api/internal/graphql/schema.resolvers.go:34.18,37.3 2 1
github.com/user/library-api/internal/graphql/schema.resolvers.go:38.2,38.20 1 1
github.com/user/library-api/internal/graphql/schema.resolvers.go:38.20,41.3 2 1
github.com/user/library-api/internal/graphql/schema.resolvers.go:42.2,42.27 1 1
github.com/user/library-api/internal/graphql/schema.resolvers.go:42.27,45.3 2 0
github.com/user/library-api/internal/graphql/schema.resolvers.go:46.2,46.23 1 1
github.com/user/library-api/internal/graphql/schema.resolvers.go:46.23,49.3 2 0
github.com/user/library-api/internal/graphql/schema.resolvers.go:50.2,50.25 1 1
github.com/user/library-api/internal/graphql/schema.resolvers.go:50.25,53.3 2 0
github.com/user/library-api/internal/graphql/schema.resolvers.go:54.2,54.22 1 1
github.com/user/library-api/internal/graphql/schema.resolvers.go:54.22,57.3 2 0
github.com/user/library-api/internal/graphql/schema.resolvers.go:58.2,58.13 1 1
github.com/user/library-api/internal/graphql/schema.resolvers.go:61.65,63.22 2 1
github.com/user/library-api/internal/graphql/schema.resolvers.go:63.22,65.3 1 1
github.com/user/library-api/internal/graphql/schema.resolvers.go:66.2,66.33 1 1
github.com/user/library-api/internal/graphql/schema.resolvers.go:66.33,69.3 2 1
github.com/user/library-api/internal/graphql/schema.resolvers.go:70.2,70.47 1 1
github.com/user/library-api/internal/graphql/schema.resolvers.go:70.47,73.3 2 1
github.com/user/library-api/internal/graphql/schema.resolvers.go:74.2,74.27 1 1
github.com/user/library-api/internal/graphql/schema.resolvers.go:74.27,75.48 1 0
github.com/user/library-api/internal/graphql/schema.resolvers.go:75.48,78.4 2 0
github.com/user/library-api/internal/graphql/schema.resolvers.go:80.2,80.20 1 1
github.com/user/library-api/internal/graphql/schema.resolvers.go:80.20,82.3 1 0
github.com/user/library-api/internal/graphql/schema.resolvers.go:83.2,83.29 1 1
github.com/user/library-api/internal/graphql/schema.resolvers.go:83.29,85.3 1 1
github.com/user/library-api/internal/graphql/schema.resolvers.go:86.2,86.15 1 1
github.com/user/library-api/internal/graphql/schema.resolvers.go:90.98,92.16 2 1
github.com/user/library-api/internal/graphql/schema.resolvers.go:92.16,98.3 2 1
github.com/user/library-api/internal/graphql/schema.resolvers.go:100.2,101.16 2 1
github.com/user/library-api/internal/graphql/schema.resolvers.go:101.16,103.3 1 1
github.com/user/library-api/internal/graphql/schema.resolvers.go:104.2,104.19 1 1
github.com/user/library-api/internal/graphql/schema.resolvers.go:104.19,109.3 2 1
github.com/user/library-api/internal/graphql/schema.resolvers.go:111.2,112.29 2 1
github.com/user/library-api/internal/graphql/schema.resolvers.go:112.29,114.3 1 1
github.com/user/library-api/internal/graphql/schema.resolvers.go:116.2,120.16 2 1
github.com/user/library-api/internal/graphql/schema.resolvers.go:120.16,122.3 1 0
github.com/user/library-api/internal/graphql/schema.resolvers.go:124.2,125.30 2 1
github.com/user/library-api/internal/graphql/schema.resolvers.go:125.30,127.17 2 1
github.com/user/library-api/internal/graphql/schema.resolvers.go:127.17,129.4 1 1
github.com/user/library-api/internal/graphql/schema.resolvers.go:130.3,130.17 1 1
github.com/user/library-api/internal/graphql/schema.resolvers.go:130.17,132.4 1 1
github.com/user/library-api/internal/graphql/schema.resolvers.go:135.2,137.46 3 1
github.com/user/library-api/internal/graphql/schema.resolvers.go:137.46,139.8 2 1
github.com/user/library-api/internal/graphql/schema.resolvers.go:141.2,141.46 1 1
github.com/user/library-api/internal/graphql/schema.resolvers.go:141.46,143.8 2 1
github.com/user/library-api/internal/graphql/schema.resolvers.go:146.2,147.30 2 1
github.com/user/library-api/internal/graphql/schema.resolvers.go:147.30,149.3 1 1
github.com/user/library-api/internal/graphql/schema.resolvers.go:151.2,162.16 2 1
github.com/user/library-api/internal/graphql/schema.resolvers.go:162.16,164.3 1 0
github.com/user/library-api/internal/graphql/schema.resolvers.go:166.2,171.8 2 1
github.com/user/library-api/internal/graphql/schema.resolvers.go:175.95,177.16 2 1
github.com/user/library-api/internal/graphql/schema.resolvers.go:177.16,179.3 1 1
github.com/user/library-api/internal/graphql/schema.resolvers.go:180.2,180.19 1 1
github.com/user/library-api/internal/graphql/schema.resolvers.go:180.19,182.3 1 1
github.com/user/library-api/internal/graphql/schema.resolvers.go:183.2,183.38 1 1
github.com/user/library-api/internal/graphql/schema.resolvers.go:187.98,189.24 2 1
github.com/user/library-api/internal/graphql/schema.resolvers.go:189.24,191.3 1 0
github.com/user/library-api/internal/graphql/schema.resolvers.go:193.2,204.16 2 1
github.com/user/library-api/internal/graphql/schema.resolvers.go:204.16,206.3 1 0
github.com/user/library-api/internal/graphql/schema.resolvers.go:208.2,208.35 1 1
github.com/user/library-api/internal/graphql/schema.resolvers.go:212.106,222.16 2 1
github.com/user/library-api/internal/graphql/schema.resolvers.go:222.16,224.3 1 0
github.com/user/library-api/internal/graphql/schema.resolvers.go:226.2,226.35 1 1
github.com/user/library-api/internal/graphql/schema.resolvers.go:230.82,232.16 2 1
github.com/user/library-api/internal/graphql/schema.resolvers.go:232.16,234.3 1 0
github.com/user/library-api/internal/graphql/schema.resolvers.go:235.2,235.18 1 1
github.com/user/library-api/internal/graphql/schema.resolvers.go:239.84,241.16 2 1
github.com/user/library-api/internal/graphql/schema.resolvers.go:241.16,243.3 1 0
github.com/user/library-api/internal/graphql/schema.resolvers.go:244.2,244.35 1 1
github.com/user/library-api/internal/graphql/schema.resolvers.go:248.104,253.16 2 1
github.com/user/library-api/internal/graphql/schema.resolvers.go:253.16,255.3 1 0
github.com/user/library-api/internal/graphql/schema.resolvers.go:256.2,256.39 1 1
github.com/user/library-api/internal/graphql/schema.resolvers.go:260.112,266.16 2 1
github.com/user/library-api/internal/graphql/schema.resolvers.go:266.16,268.3 1 0
github.com/user/library-api/internal/graphql/schema.resolvers.go:269.2,269.39 1 1
github.com/user/library-api/internal/graphql/schema.resolvers.go:273.84,275.16 2 1
github.com/user/library-api/internal/graphql/schema.resolvers.go:275.16,277.3 1 0
github.com/user/library-api/internal/graphql/schema.resolvers.go:278.2,278.18 1 1
github.com/user/library-api/internal/graphql/schema.resolvers.go:282.104,287.16 2 1
github.com/user/library-api/internal/graphql/schema.resolvers.go:287.16,289.3 1 0
github.com/user/library-api/internal/graphql/schema.resolvers.go:290.2,290.39 1 1
github.com/user/library-api/internal/graphql/schema.resolvers.go:294.112,300.16 2 1
github.com/user/library-api/internal/graphql/schema.resolvers.go:300.16,302.3 1 0
github.com/user/library-api/internal/graphql/schema.resolvers.go:303.2,303.39 1 1
github.com/user/library-api/internal/graphql/schema.resolvers.go:307.84,309.16 2 1
github.com/user/library-api/internal/graphql/schema.resolvers.go:309.16,311.3 1 0
github.com/user/library-api/internal/graphql/schema.resolvers.go:312.2,312.18 1 1
github.com/user/library-api/internal/graphql/schema.resolvers.go:316.126,322.16 2 1
github.com/user/library-api/internal/graphql/schema.resolvers.go:322.16,324.3 1 0
github.com/user/library-api/internal/graphql/schema.resolvers.go:326.2,327.16 2 1
github.com/user/library-api/internal/graphql/schema.resolvers.go:327.16,329.3 1 0
github.com/user/library-api/internal/graphql/schema.resolvers.go:331.2,332.16 2 1
github.com/user/library-api/internal/graphql/schema.resolvers.go:332.16,334.3 1 0
github.com/user/library-api/internal/graphql/schema.resolvers.go:336.2,340.8 1 1
github.com/user/library-api/internal/graphql/schema.resolvers.go:344.110,349.16 2 1
github.com/user/library-api/internal/graphql/schema.resolvers.go:349.16,351.3 1 0
github.com/user/library-api/internal/graphql/schema.resolvers.go:352.2,352.18 1 1
github.com/user/library-api/internal/graphql/schema.resolvers.go:356.86,358.16 2 1
github.com/user/library-api/internal/graphql/schema.resolvers.go:358.16,360.3 1 0
github.com/user/library-api/internal/graphql/schema.resolvers.go:361.2,361.33 1 1
github.com/user/library-api/internal/graphql/schema.resolvers.go:365.100,370.16 2 1
github.com/user/library-api/internal/graphql/schema.resolvers.go:370.16,372.3 1 0
github.com/user/library-api/internal/graphql/schema.resolvers.go:374.2,375.16 2 1
github.com/user/library-api/internal/graphql/schema.resolvers.go:375.16,377.3 1 0
github.com/user/library-api/internal/graphql/schema.resolvers.go:378.2,378.35 1 1
github.com/user/library-api/internal/graphql/schema.resolvers.go:382.105,387.16 2 1
github.com/user/library-api/internal/graphql/schema.resolvers.go:387.16,389.3 1 0
github.com/user/library-api/internal/graphql/schema.resolvers.go:391.2,392.16 2 1
github.com/user/library-api/internal/graphql/schema.resolvers.go:392.16,394.3 1 0
github.com/user/library-api/internal/graphql/schema.resolvers.go:395.2,395.35 1 1
github.com/user/library-api/internal/graphql/schema.resolvers.go:399.109,404.16 2 1
github.com/user/library-api/internal/graphql/schema.resolvers.go:404.16,406.3 1 1
github.com/user/library-api/internal/graphql/schema.resolvers.go:408.2,409.28 2 1
github.com/user/library-api/internal/graphql/schema.resolvers.go:409.28,411.3 1 1
github.com/user/library-api/internal/graphql/schema.resolvers.go:412.2,412.19 1 1
github.com/user/library-api/internal/graphql/schema.resolvers.go:416.74,418.16 2 1
github.com/user/library-api/internal/graphql/schema.resolvers.go:418.16,420.3 1 1
github.com/user/library-api/internal/graphql/schema.resolvers.go:421.2,421.35 1 1
github.com/user/library-api/internal/graphql/schema.resolvers.go:425.73,427.16 2 1
github.com/user/library-api/internal/graphql/schema.resolvers.go:427.16,429.3 1 0
github.com/user/library-api/internal/graphql/schema.resolvers.go:431.2,432.30 2 1
github.com/user/library-api/internal/graphql/schema.resolvers.go:432.30,434.3 1 1
github.com/user/library-api/internal/graphql/schema.resolvers.go:435.2,435.21 1 1
github.com/user/library-api/internal/graphql/schema.resolvers.go:439.78,441.16 2 1
github.com/user/library-api/internal/graphql/schema.resolvers.go:441.16,443.3 1 1
github.com/user/library-api/internal/graphql/schema.resolvers.go:444.2,444.39 1 1
github.com/user/library-api/internal/graphql/schema.resolvers.go:448.72,450.16 2 1
github.com/user/library-api/internal/graphql/schema.resolvers.go:450.16,452.3 1 0
github.com/user/library-api/internal/graphql/schema.resolvers.go:454.2,455.29 2 1
github.com/user/library-api/internal/graphql/schema.resolvers.go:455.29,457.3 1 1
github.com/user/library-api/internal/graphql/schema.resolvers.go:458.2,458.20 1 1
github.com/user/library-api/internal/graphql/schema.resolvers.go:462.82,464.16 2 1
github.com/user/library-api/internal/graphql/schema.resolvers.go:464.16,466.3 1 1
github.com/user/library-api/internal/graphql/schema.resolvers.go:467.2,467.39 1 1
github.com/user/library-api/internal/graphql/schema.resolvers.go:471.96,473.16 2 1
github.com/user/library-api/internal/graphql/schema.resolvers.go:473.16,475.3 1 0
github.com/user/library-api/internal/graphql/schema.resolvers.go:477.2,478.28 2 1
github.com/user/library-api/internal/graphql/schema.resolvers.go:478.28,480.3 1 1
github.com/user/library-api/internal/graphql/schema.resolvers.go:481.2,481.19 1 1
github.com/user/library-api/internal/graphql/schema.resolvers.go:485.108,487.18 2 0
github.com/user/library-api/internal/graphql/schema.resolvers.go:487.18,489.3 1 0
github.com/user/library-api/internal/graphql/schema.resolvers.go:491.2,492.16 2 0
github.com/user/library-api/internal/graphql/schema.resolvers.go:492.16,494.3 1 0
github.com/user/library-api/internal/graphql/schema.resolvers.go:496.2,497.16 2 0
github.com/user/library-api/internal/graphql/schema.resolvers.go:497.16,499.3 1 0
github.com/user/library-api/internal/graphql/schema.resolvers.go:501.2,502.32 2 0
github.com/user/library-api/internal/graphql/schema.resolvers.go:502.32,504.3 1 0
github.com/user/library-api/internal/graphql/schema.resolvers.go:505.2,505.21 1 0
github.com/user/library-api/internal/graphql/schema.resolvers.go:509.111,511.18 2 0
github.com/user/library-api/internal/graphql/schema.resolvers.go:511.18,513.3 1 0
github.com/user/library-api/internal/graphql/schema.resolvers.go:515.2,516.16 2 0
github.com/user/library-api/internal/graphql/schema.resolvers.go:516.16,518.3 1 0
github.com/user/library-api/internal/graphql/schema.resolvers.go:520.2,521.16 2 0
github.com/user/library-api/internal/graphql/schema.resolvers.go:521.16,523.3 1 0
github.com/user/library-api/internal/graphql/schema.resolvers.go:525.2,526.32 2 0
github.com/user/library-api/internal/graphql/schema.resolvers.go:526.32,528.3 1 0
github.com/user/library-api/internal/graphql/schema.resolvers.go:529.2,529.21 1 0
github.com/user/library-api/internal/graphql/schema.resolvers.go:533.115,535.18 2 0
github.com/user/library-api/internal/graphql/schema.resolvers.go:535.18,537.3 1 0
github.com/user/library-api/internal/graphql/schema.resolvers.go:539.2,540.16 2 0
github.com/user/library-api/internal/graphql/schema.resolvers.go:540.16,542.3 1 0
github.com/user/library-api/internal/graphql/schema.resolvers.go:544.2,545.32 2 0
github.com/user/library-api/internal/graphql/schema.resolvers.go:545.32,547.3 1 0
github.com/user/library-api/internal/graphql/schema.resolvers.go:548.2,548.21 1 0
github.com/user/library-api/internal/graphql/schema.resolvers.go:552.67,554.16 2 1
github.com/user/library-api/internal/graphql/schema.resolvers.go:554.16,556.3 1 0
github.com/user/library-api/internal/graphql/schema.resolvers.go:558.2,559.27 2 1
github.com/user/library-api/internal/graphql/schema.resolvers.go:559.27,561.3 1 1
github.com/user/library-api/internal/graphql/schema.resolvers.go:562.2,562.18 1 1
github.com/user/library-api/internal/graphql/schema.resolvers.go:565.45,570.25 2 1
github.com/user/library-api/internal/graphql/schema.resolvers.go:570.25,572.3 1 0
github.com/user/library-api/internal/graphql/schema.resolvers.go:573.2,573.15 1 1
github.com/user/library-api/internal/graphql/schema.resolvers.go:576.36,581.2 1 1
github.com/user/library-api/internal/graphql/schema.resolvers.go:583.59,587.29 2 0
github.com/user/library-api/internal/graphql/schema.resolvers.go:587.29,589.36 2 0
github.com/user/library-api/internal/graphql/schema.resolvers.go:589.36,591.4 1 0
github.com/user/library-api/internal/graphql/schema.resolvers.go:592.3,592.28 1 0
github.com/user/library-api/internal/graphql/schema.resolvers.go:594.2,594.23 1 0
github.com/user/library-api/internal/graphql/schema.resolvers.go:594.23,596.33 2 0
github.com/user/library-api/internal/graphql/schema.resolvers.go:596.33,598.4 1 0
github.com/user/library-api/internal/graphql/schema.resolvers.go:599.3,599.22 1 0
github.com/user/library-api/internal/graphql/schema.resolvers.go:601.2,601.30 1 0
github.com/user/library-api/internal/graphql/schema.resolvers.go:601.30,603.3 1 0
github.com/user/library-api/internal/graphql/schema.resolvers.go:604.2,604.23 1 0
github.com/user/library-api/internal/graphql/schema.resolvers.go:604.23,606.3 1 0
github.com/user/library-api/internal/graphql/schema.resolvers.go:607.2,607.19 1 0
github.com/user/library-api/internal/graphql/schema.resolvers.go:607.19,609.3 1 0
github.com/user/library-api/internal/graphql/schema.resolvers.go:610.2,610.15 1 0
github.com/user/library-api/internal/graphql/schema.resolvers.go:613.33,614.14 1 1
github.com/user/library-api/internal/graphql/schema.resolvers.go:614.14,616.3 1 1
github.com/user/library-api/internal/graphql/schema.resolvers.go:617.2,617.11 1 1
github.com/user/library-api/internal/graphql/schema.resolvers.go:620.30,621.14 1 1
github.com/user/library-api/internal/graphql/schema.resolvers.go:621.14,623.3 1 1
github.com/user/library-api/internal/graphql/schema.resolvers.go:624.2,624.11 1 1
github.com/user/library-api/internal/graphql/schema.resolvers.go:627.27,628.14 1 1
github.com/user/library-api/internal/graphql/schema.resolvers.go:628.14,630.3 1 1
github.com/user/library-api/internal/graphql/schema.resolvers.go:631.2,631.11 1 1
github.com/user/library-api/internal/graphql/schema.resolvers.go:634.45,635.14 1 1
github.com/user/library-api/internal/graphql/schema.resolvers.go:635.14,637.3 1 1
github.com/user/library-api/internal/graphql/schema.resolvers.go:638.2,638.43 1 0
github.com/user/library-api/internal/graphql/schema.resolvers.go:641.38,642.14 1 1
github.com/user/library-api/internal/graphql/schema.resolvers.go:642.14,644.3 1 1
github.com/user/library-api/internal/graphql/schema.resolvers.go:645.2,645.51 1 0
github.com/user/library-api/internal/graphql/schema.resolvers.go:649.48,649.79 1 1
github.com/user/library-api/internal/graphql/schema.resolvers.go:652.42,652.70 1 1
